,date,prcp
0,2016-08-23,0.0
1,2016-08-24,0.08
2,2016-08-25,0.08
3,2016-08-26,0.0
4,2016-08-27,0.0
5,2016-08-28,0.01
6,2016-08-29,0.0
7,2016-08-30,0.0
8,2016-08-31,0.13
9,2016-09-01,0.0
10,2016-09-02,0.0
11,2016-09-03,0.0
12,2016-09-04,0.03
13,2016-09-05,
14,2016-09-06,
15,2016-09-07,0.05
16,2016-09-08,0.0
17,2016-09-09,0.03
18,2016-09-10,0.0
19,2016-09-11,0.05
20,2016-09-12,0.0
21,2016-09-13,0.02
22,2016-09-14,1.32
23,2016-09-15,0.42
24,2016-09-16,0.06
25,2016-09-17,0.05
26,2016-09-18,0.0
27,2016-09-19,0.0
28,2016-09-20,0.0
29,2016-09-21,0.0
30,2016-09-22,0.02
31,2016-09-23,0.0
32,2016-09-24,0.0
33,2016-09-25,0.0
34,2016-09-26,0.06
35,2016-09-27,0.02
36,2016-09-28,0.0
37,2016-09-29,0.0
38,2016-09-30,0.0
39,2016-10-01,0.0
40,2016-10-02,0.0
41,2016-10-03,0.0
42,2016-10-04,0.0
43,2016-10-05,0.0
44,2016-10-06,0.0
45,2016-10-07,0.0
46,2016-10-08,0.0
47,2016-10-09,0.0
48,2016-10-10,0.0
49,2016-10-11,0.0
50,2016-10-12,0.0
51,2016-10-13,0.0
52,2016-10-14,0.0
53,2016-10-15,0.0
54,2016-10-16,0.0
55,2016-10-17,0.01
56,2016-10-18,0.0
57,2016-10-19,0.0
58,2016-10-20,0.0
59,2016-10-21,0.05
60,2016-10-22,0.15
61,2016-10-23,0.01
62,2016-10-24,0.0
63,2016-10-25,0.03
64,2016-10-26,0.0
65,2016-10-27,0.0
66,2016-10-28,0.0
67,2016-10-29,0.0
68,2016-10-30,0.24
69,2016-10-31,0.03
70,2016-11-01,0.0
71,2016-11-02,0.0
72,2016-11-03,0.0
73,2016-11-04,0.0
74,2016-11-05,0.0
75,2016-11-06,0.0
76,2016-11-07,0.0
77,2016-11-08,0.07
78,2016-11-09,0.0
79,2016-11-10,0.0
80,2016-11-11,0.0
81,2016-11-12,0.0
82,2016-11-13,0.0
83,2016-11-14,0.0
84,2016-11-15,0.0
85,2016-11-16,0.0
86,2016-11-17,0.0
87,2016-11-18,0.0
88,2016-11-19,0.03
89,2016-11-20,0.05
90,2016-11-21,0.01
91,2016-11-22,0.13
92,2016-11-23,0.14
93,2016-11-24,0.05
94,2016-11-25,0.05
95,2016-11-26,0.05
96,2016-11-27,0.0
97,2016-11-28,0.01
98,2016-11-29,0.0
99,2016-11-30,0.14
100,2016-12-01,0.12
101,2016-12-02,0.03
102,2016-12-03,0.0
103,2016-12-04,0.03
104,2016-12-05,0.43
105,2016-12-06,0.02
106,2016-12-07,0.0
107,2016-12-08,0.03
108,2016-12-09,0.52
109,2016-12-10,0.05
110,2016-12-11,0.04
111,2016-12-12,0.01
112,2016-12-13,0.05
113,2016-12-14,0.03
114,2016-12-15,0.0
115,2016-12-16,0.0
116,2016-12-17,0.01
117,2016-12-18,0.13
118,2016-12-19,0.01
119,2016-12-20,0.0
120,2016-12-21,0.0
121,2016-12-22,0.01
122,2016-12-23,0.01
123,2016-12-24,0.01
124,2016-12-25,0.0
125,2016-12-26,0.02
126,2016-12-27,0.0
127,2016-12-28,0.02
128,2016-12-29,0.04
129,2016-12-30,0.12
130,2016-12-31,0.01
131,2017-01-01,0.0
132,2017-01-02,0.0
133,2017-01-03,0.0
134,2017-01-04,0.0
135,2017-01-05,0.0
136,2017-01-06,0.0
137,2017-01-07,0.0
138,2017-01-08,0.0
139,2017-01-09,0.0
140,2017-01-10,0.0
141,2017-01-11,0.0
142,2017-01-12,0.0
143,2017-01-13,0.0
144,2017-01-14,0.0
145,2017-01-15,0.0
146,2017-01-16,0.0
147,2017-01-17,0.0
148,2017-01-18,0.0
149,2017-01-19,0.0
150,2017-01-20,0.0
151,2017-01-21,0.0
152,2017-01-22,0.16
153,2017-01-23,0.0
154,2017-01-24,0.04
155,2017-01-25,0.03
156,2017-01-26,0.0
157,2017-01-27,0.0
158,2017-01-28,0.0
159,2017-01-29,0.18
160,2017-01-30,0.0
161,2017-01-31,0.0
162,2017-02-01,0.0
163,2017-02-02,0.0
164,2017-02-03,0.0
165,2017-02-04,0.0
166,2017-02-05,0.0
167,2017-02-06,0.0
168,2017-02-07,0.51
169,2017-02-08,0.0
170,2017-02-09,0.0
171,2017-02-10,0.0
172,2017-02-11,0.31
173,2017-02-12,2.62
174,2017-02-13,0.01
175,2017-02-14,0.0
176,2017-02-15,0.0
177,2017-02-16,0.07
178,2017-02-17,0.0
179,2017-02-18,0.0
180,2017-02-19,0.0
181,2017-02-20,0.0
182,2017-02-21,0.06
183,2017-02-22,0.06
184,2017-02-23,0.01
185,2017-02-24,0.0
186,2017-02-25,0.03
187,2017-02-26,0.0
188,2017-02-27,0.0
189,2017-02-28,0.0
190,2017-03-01,1.19
191,2017-03-02,0.73
192,2017-03-03,0.47
193,2017-03-04,0.0
194,2017-03-05,0.35
195,2017-03-06,0.0
196,2017-03-07,0.0
197,2017-03-08,0.0
198,2017-03-09,0.0
199,2017-03-10,0.0
200,2017-03-11,0.0
201,2017-03-12,0.0
202,2017-03-13,0.0
203,2017-03-14,0.0
204,2017-03-15,0.0
205,2017-03-16,0.0
206,2017-03-17,0.0
207,2017-03-18,0.0
208,2017-03-19,0.0
209,2017-03-20,0.0
210,2017-03-21,0.0
211,2017-03-22,0.0
212,2017-03-23,0.0
213,2017-03-24,0.02
214,2017-03-25,0.0
215,2017-03-26,0.0
216,2017-03-27,0.0
217,2017-03-28,0.0
218,2017-03-29,0.0
219,2017-03-30,0.0
220,2017-03-31,0.0
221,2017-04-01,0.0
222,2017-04-02,0.0
223,2017-04-03,0.0
224,2017-04-04,0.0
225,2017-04-05,0.0
226,2017-04-06,0.0
227,2017-04-07,0.0
228,2017-04-08,0.0
229,2017-04-09,0.0
230,2017-04-10,0.0
231,2017-04-11,0.0
232,2017-04-12,0.0
233,2017-04-13,0.0
234,2017-04-14,0.26
235,2017-04-15,0.01
236,2017-04-16,0.0
237,2017-04-17,0.02
238,2017-04-18,0.0
239,2017-04-19,0.02
240,2017-04-20,0.05
241,2017-04-21,0.23
242,2017-04-22,0.32
243,2017-04-23,0.03
244,2017-04-24,0.0
245,2017-04-25,0.0
246,2017-04-26,0.0
247,2017-04-27,0.0
248,2017-04-28,0.0
249,2017-04-29,0.12
250,2017-04-30,0.89
251,2017-05-01,0.26
252,2017-05-02,0.0
253,2017-05-03,0.0
254,2017-05-04,0.0
255,2017-05-05,0.0
256,2017-05-06,0.0
257,2017-05-07,0.0
258,2017-05-08,0.0
259,2017-05-10,0.0
260,2017-05-11,0.01
261,2017-05-12,0.0
262,2017-05-13,0.0
263,2017-05-14,0.0
264,2017-05-15,0.05
265,2017-05-16,0.01
266,2017-05-17,0.0
267,2017-05-18,0.01
268,2017-05-19,0.0
269,2017-05-20,0.0
270,2017-05-21,0.0
271,2017-05-22,0.0
272,2017-05-23,0.08
273,2017-05-24,0.13
274,2017-05-25,0.15
275,2017-05-27,0.01
276,2017-05-28,0.02
277,2017-05-29,0.0
278,2017-05-30,0.26
279,2017-05-31,0.02
280,2017-06-01,0.0
281,2017-06-02,0.0
282,2017-06-03,0.02
283,2017-06-04,0.0
284,2017-06-05,0.0
285,2017-06-06,0.0
286,2017-06-07,0.0
287,2017-06-08,0.0
288,2017-06-09,0.0
289,2017-06-10,0.04
290,2017-06-11,0.08
291,2017-06-12,0.02
292,2017-06-13,0.0
293,2017-06-14,0.0
294,2017-06-15,0.0
295,2017-06-16,0.0
296,2017-06-17,0.0
297,2017-06-18,0.05
298,2017-06-19,0.0
299,2017-06-20,0.02
300,2017-06-21,0.0
301,2017-06-22,0.0
302,2017-06-23,0.0
303,2017-06-24,0.06
304,2017-06-25,0.0
305,2017-06-26,0.0
306,2017-06-27,0.0
307,2017-06-28,0.0
308,2017-06-29,0.0
309,2017-06-30,0.08
310,2017-07-01,0.02
311,2017-07-02,0.02
312,2017-07-03,0.04
313,2017-07-04,0.04
314,2017-07-05,0.0
315,2017-07-06,0.0
316,2017-07-07,0.0
317,2017-07-08,0.0
318,2017-07-09,0.0
319,2017-07-10,0.0
320,2017-07-11,0.0
321,2017-07-12,0.0
322,2017-07-13,0.07
323,2017-07-14,0.02
324,2017-07-15,0.0
325,2017-07-16,0.02
326,2017-07-17,0.03
327,2017-07-18,0.05
328,2017-07-20,0.03
329,2017-07-21,0.0
330,2017-07-22,0.03
331,2017-07-23,0.0
332,2017-07-24,0.05
333,2017-07-25,0.0
334,2017-07-26,0.0
335,2017-07-27,0.0
336,2017-07-28,0.0
337,2017-07-29,0.0
338,2017-07-30,0.0
339,2017-07-31,0.0
340,2017-08-01,0.02
341,2017-08-02,0.0
342,2017-08-03,0.0
343,2017-08-04,0.02
344,2017-08-05,0.0
345,2017-08-06,0.0
346,2017-08-07,0.0
347,2017-08-08,0.0
348,2017-08-09,0.0
349,2017-08-10,0.0
350,2017-08-11,0.0
351,2017-08-12,0.0
352,2017-08-13,0.0
353,2017-08-14,0.0
354,2017-08-15,0.02
355,2017-08-18,0.0
356,2017-08-19,0.0
357,2017-08-20,0.0
358,2017-08-21,0.0
359,2017-08-22,0.0
360,2017-08-23,0.0
361,2016-08-23,0.15
362,2016-08-24,2.15
363,2016-08-25,0.08
364,2016-08-26,0.03
365,2016-08-27,0.18
366,2016-08-28,0.14
367,2016-08-29,0.17
368,2016-08-30,0.0
369,2016-08-31,0.1
370,2016-09-01,0.0
371,2016-09-02,0.02
372,2016-09-03,0.07
373,2016-09-04,0.03
374,2016-09-05,0.11
375,2016-09-06,0.05
376,2016-09-07,0.1
377,2016-09-08,0.22
378,2016-09-09,0.01
379,2016-09-10,0.01
380,2016-09-11,0.18
381,2016-09-12,0.04
382,2016-09-13,0.37
383,2016-09-14,0.9
384,2016-09-15,0.12
385,2016-09-16,0.01
386,2016-09-17,0.04
387,2016-09-18,0.0
388,2016-09-19,0.01
389,2016-09-20,0.09
390,2016-09-21,0.06
391,2016-09-22,0.09
392,2016-09-23,0.15
393,2016-09-24,0.0
394,2016-09-25,0.02
395,2016-09-26,0.06
396,2016-09-27,0.12
397,2016-09-28,0.08
398,2016-09-29,0.49
399,2016-09-30,0.31
400,2016-10-01,0.14
401,2016-10-02,0.02
402,2016-10-03,0.04
403,2016-10-04,0.0
404,2016-10-05,0.0
405,2016-10-06,0.05
406,2016-10-07,0.0
407,2016-10-08,0.0
408,2016-10-09,0.0
409,2016-10-10,0.0
410,2016-10-11,0.02
411,2016-10-12,0.03
412,2016-10-13,0.0
413,2016-10-14,0.0
414,2016-10-15,0.0
415,2016-10-16,0.0
416,2016-10-17,0.03
417,2016-10-18,0.05
418,2016-10-19,0.06
419,2016-10-20,0.0
420,2016-10-21,0.15
421,2016-10-22,0.1
422,2016-10-23,0.01
423,2016-10-24,0.0
424,2016-10-25,0.04
425,2016-10-26,0.06
426,2016-10-27,0.11
427,2016-10-28,0.02
428,2016-10-29,0.02
429,2016-10-30,0.1
430,2016-10-31,0.03
431,2016-11-01,0.01
432,2016-11-02,0.0
433,2016-11-03,0.0
434,2016-11-04,0.0
435,2016-11-05,0.02
436,2016-11-06,0.02
437,2016-11-07,0.0
438,2016-11-08,0.14
439,2016-11-09,0.08
440,2016-11-10,0.0
441,2016-11-11,0.0
442,2016-11-12,0.0
443,2016-11-13,0.0
444,2016-11-14,0.06
445,2016-11-15,0.0
446,2016-11-16,0.14
447,2016-11-17,0.03
448,2016-11-18,0.01
449,2016-11-19,0.11
450,2016-11-20,0.11
451,2016-11-21,0.02
452,2016-11-22,0.41
453,2016-11-23,0.03
454,2016-11-24,0.2
455,2016-11-25,0.05
456,2016-11-26,0.05
457,2016-11-27,0.06
458,2016-11-28,0.02
459,2016-11-29,0.04
460,2016-11-30,0.05
461,2016-12-01,0.33
462,2016-12-02,0.3
463,2016-12-03,0.04
464,2016-12-04,0.1
465,2016-12-05,0.34
466,2016-12-06,0.02
467,2016-12-07,0.17
468,2016-12-08,0.03
469,2016-12-09,0.34
470,2016-12-10,0.02
471,2016-12-11,0.02
472,2016-12-12,0.01
473,2016-12-13,0.1
474,2016-12-14,0.05
475,2016-12-15,0.02
476,2016-12-16,0.01
477,2016-12-17,0.11
478,2016-12-18,0.29
479,2016-12-19,0.21
480,2016-12-20,0.02
481,2016-12-21,0.03
482,2016-12-22,0.17
483,2016-12-23,0.1
484,2016-12-24,0.14
485,2016-12-25,0.03
486,2016-12-26,0.26
487,2016-12-27,0.03
488,2016-12-28,0.09
489,2016-12-29,0.18
490,2016-12-30,0.21
491,2016-12-31,0.62
492,2017-01-01,0.29
493,2017-01-02,0.0
494,2017-01-03,0.0
495,2017-01-04,0.0
496,2017-01-05,0.0
497,2017-01-06,0.0
498,2017-01-07,0.06
499,2017-01-08,0.0
500,2017-01-09,0.0
501,2017-01-10,0.0
502,2017-01-11,0.0
503,2017-01-12,0.0
504,2017-01-13,0.0
505,2017-01-14,0.0
506,2017-01-15,0.0
507,2017-01-16,0.0
508,2017-01-17,0.0
509,2017-01-18,0.0
510,2017-01-19,0.0
511,2017-01-20,0.0
512,2017-01-21,0.04
513,2017-01-22,0.01
514,2017-01-23,0.08
515,2017-01-24,0.15
516,2017-01-25,0.12
517,2017-01-26,0.0
518,2017-01-27,0.0
519,2017-01-28,0.14
520,2017-01-29,0.0
521,2017-01-30,0.0
522,2017-01-31,0.0
523,2017-02-01,0.0
524,2017-02-02,0.0
525,2017-02-03,0.0
526,2017-02-04,0.0
527,2017-02-05,0.0
528,2017-02-06,0.16
529,2017-02-07,1.08
530,2017-02-08,1.08
531,2017-02-09,0.02
532,2017-02-10,0.0
533,2017-02-11,1.0
534,2017-02-12,1.07
535,2017-02-13,2.9
536,2017-02-14,0.0
537,2017-02-15,0.0
538,2017-02-16,0.0
539,2017-02-17,0.8
540,2017-02-18,0.0
541,2017-02-19,0.0
542,2017-02-20,0.0
543,2017-02-21,0.0
544,2017-02-22,0.06
545,2017-02-23,0.0
546,2017-02-24,0.0
547,2017-02-25,0.0
548,2017-02-26,0.0
549,2017-02-27,0.0
550,2017-02-28,0.16
551,2017-03-01,2.2
552,2017-03-02,1.45
553,2017-03-03,0.54
554,2017-03-04,0.0
555,2017-03-05,0.1
556,2017-03-06,0.51
557,2017-03-07,0.0
558,2017-03-08,0.0
559,2017-03-09,0.8
560,2017-03-10,0.13
561,2017-03-11,0.03
562,2017-03-12,0.0
563,2017-03-13,0.0
564,2017-03-14,0.0
565,2017-03-15,0.0
566,2017-03-16,0.0
567,2017-03-17,0.19
568,2017-03-18,0.0
569,2017-03-19,0.0
570,2017-03-20,0.0
571,2017-03-21,0.0
572,2017-03-22,0.0
573,2017-03-23,0.0
574,2017-03-24,0.6
575,2017-03-25,0.13
576,2017-03-26,0.0
577,2017-03-27,0.0
578,2017-03-28,0.03
579,2017-03-29,0.0
580,2017-03-30,0.08
581,2017-03-31,0.0
582,2017-04-01,0.0
583,2017-04-02,0.0
584,2017-04-03,0.08
585,2017-04-04,0.04
586,2017-04-05,0.04
587,2017-04-06,0.0
588,2017-04-07,0.0
589,2017-04-08,0.0
590,2017-04-09,0.0
591,2017-04-10,0.01
592,2017-04-11,0.03
593,2017-04-12,0.03
594,2017-04-13,0.27
595,2017-04-14,0.69
596,2017-04-15,0.45
597,2017-04-16,0.49
598,2017-04-17,0.41
599,2017-04-18,0.08
600,2017-04-19,0.02
601,2017-04-20,0.33
602,2017-04-21,1.16
603,2017-04-22,1.01
604,2017-04-23,0.02
605,2017-04-24,0.0
606,2017-04-25,0.0
607,2017-04-26,0.0
608,2017-04-27,0.1
609,2017-04-28,2.6
610,2017-04-29,0.35
611,2017-04-30,1.21
612,2017-05-01,0.07
613,2017-05-02,0.03
614,2017-05-03,0.01
615,2017-05-04,0.0
616,2017-05-05,0.0
617,2017-05-06,0.0
618,2017-05-07,0.07
619,2017-05-08,0.22
620,2017-05-09,1.62
621,2017-05-10,0.05
622,2017-05-11,0.03
623,2017-05-12,0.04
624,2017-05-13,0.02
625,2017-05-14,0.05
626,2017-05-15,0.08
627,2017-05-16,0.03
628,2017-05-17,0.02
629,2017-05-18,0.09
630,2017-05-19,0.02
631,2017-05-20,0.0
632,2017-05-21,0.0
633,2017-05-22,0.0
634,2017-05-23,0.02
635,2017-05-24,0.58
636,2017-05-25,0.37
637,2017-05-26,0.02
638,2017-05-27,0.0
639,2017-05-28,0.29
640,2017-05-29,0.02
641,2017-05-30,0.2
642,2017-05-31,0.1
643,2017-06-01,0.03
644,2017-06-02,0.1
645,2017-06-03,0.2
646,2017-06-04,0.15
647,2017-06-05,0.0
648,2017-06-06,0.0
649,2017-06-07,0.0
650,2017-06-08,0.02
651,2017-06-09,0.02
652,2017-06-10,0.21
653,2017-06-11,0.24
654,2017-06-12,0.19
655,2017-06-13,0.36
656,2017-06-14,0.27
657,2017-06-15,0.17
658,2017-06-16,0.02
659,2017-06-17,0.35
660,2017-06-18,0.25
661,2017-06-19,0.05
662,2017-06-20,0.05
663,2017-06-21,0.02
664,2017-06-22,0.1
665,2017-06-23,0.0
666,2017-06-24,0.0
667,2017-06-25,0.08
668,2017-06-26,0.02
669,2017-06-27,0.0
670,2017-06-28,0.01
671,2017-06-29,0.03
672,2017-06-30,0.04
673,2017-07-01,0.06
674,2017-07-02,0.05
675,2017-07-03,0.13
676,2017-07-04,0.03
677,2017-07-05,0.0
678,2017-07-06,0.0
679,2017-07-07,0.02
680,2017-07-08,0.02
681,2017-07-09,0.09
682,2017-07-10,0.0
683,2017-07-11,0.01
684,2017-07-12,0.01
685,2017-07-13,0.33
686,2017-07-14,0.05
687,2017-07-15,0.03
688,2017-07-16,0.07
689,2017-07-17,0.12
690,2017-07-18,0.03
691,2017-07-19,0.0
692,2017-07-20,0.12
693,2017-07-21,0.0
694,2017-07-22,0.07
695,2017-07-23,0.06
696,2017-07-24,0.58
697,2017-07-25,0.03
698,2017-07-26,0.06
699,2017-07-27,0.0
700,2017-07-28,0.13
701,2017-07-29,0.06
702,2017-07-30,0.0
703,2017-07-31,0.0
704,2016-08-23,0.05
705,2016-08-24,2.28
706,2016-08-25,0.0
707,2016-08-26,0.02
708,2016-08-27,0.02
709,2016-08-28,0.14
710,2016-08-29,0.04
711,2016-08-31,
712,2016-09-01,0.0
713,2016-09-02,0.19
714,2016-09-05,
715,2016-09-06,0.04
716,2016-09-07,0.23
717,2016-09-08,0.01
718,2016-09-09,0.29
719,2016-09-12,
720,2016-09-13,0.32
721,2016-09-14,1.84
722,2016-09-15,0.07
723,2016-09-16,0.07
724,2016-09-19,
725,2016-09-20,0.25
726,2016-09-21,0.02
727,2016-09-22,0.17
728,2016-09-23,0.15
729,2016-09-24,0.0
730,2016-09-25,0.0
731,2016-09-26,0.02
732,2016-09-27,0.0
733,2016-09-28,0.0
734,2016-09-29,0.2
735,2016-09-30,0.06
736,2016-10-01,0.08
737,2016-10-02,0.03
738,2016-10-03,0.03
739,2016-10-04,0.0
740,2016-10-05,0.0
741,2016-10-06,0.0
742,2016-10-07,0.0
743,2016-10-10,
744,2016-10-11,0.04
745,2016-10-12,0.0
746,2016-10-13,0.02
747,2016-10-14,0.0
748,2016-10-15,0.02
749,2016-10-17,
750,2016-10-18,0.03
751,2016-10-19,0.0
752,2016-10-20,0.01
753,2016-10-21,0.03
754,2016-10-23,
755,2016-10-24,0.01
756,2016-10-25,0.0
757,2016-10-27,0.2
758,2016-10-28,0.07
759,2016-10-29,0.26
760,2016-10-30,0.14
761,2016-10-31,0.0
762,2016-11-01,0.0
763,2016-11-02,0.0
764,2016-11-03,0.0
765,2016-11-04,0.0
766,2016-11-05,0.0
767,2016-11-06,0.0
768,2016-11-07,0.13
769,2016-11-08,0.02
770,2016-11-09,0.17
771,2016-11-10,0.0
772,2016-11-11,0.0
773,2016-11-12,0.0
774,2016-11-13,0.0
775,2016-11-14,0.05
776,2016-11-15,0.0
777,2016-11-16,0.18
778,2016-11-17,0.0
779,2016-11-22,
780,2016-11-25,
781,2016-11-26,0.02
782,2016-11-27,0.03
783,2016-11-28,0.0
784,2016-11-29,0.04
785,2016-11-30,0.03
786,2016-12-01,0.07
787,2016-12-02,0.4
788,2016-12-03,0.26
789,2016-12-04,0.0
790,2016-12-05,0.2
791,2016-12-07,
792,2016-12-08,0.02
793,2016-12-09,0.26
794,2016-12-10,0.0
795,2016-12-12,
796,2016-12-13,0.34
797,2016-12-14,0.12
798,2016-12-15,0.07
799,2016-12-16,0.0
800,2016-12-17,0.0
801,2016-12-18,0.04
802,2016-12-19,0.0
803,2016-12-20,0.0
804,2016-12-21,0.09
805,2016-12-22,0.05
806,2016-12-23,0.03
807,2016-12-24,0.13
808,2016-12-26,
809,2016-12-27,0.02
810,2016-12-28,0.01
811,2016-12-29,0.56
812,2016-12-30,0.29
813,2016-12-31,0.36
814,2017-01-01,0.0
815,2017-01-02,0.01
816,2017-01-03,0.0
817,2017-01-04,0.0
818,2017-01-05,0.0
819,2017-01-06,0.59
820,2017-01-07,0.0
821,2017-01-08,0.03
822,2017-01-09,0.0
823,2017-01-10,0.0
824,2017-01-11,0.0
825,2017-01-13,
826,2017-01-14,0.0
827,2017-01-16,
828,2017-01-17,0.0
829,2017-01-18,0.0
830,2017-01-19,0.0
831,2017-01-20,0.0
832,2017-01-21,0.02
833,2017-01-23,
834,2017-01-25,
835,2017-01-26,0.01
836,2017-01-27,0.0
837,2017-01-28,0.0
838,2017-01-30,
839,2017-01-31,0.0
840,2017-02-01,0.0
841,2017-02-02,0.0
842,2017-02-03,0.0
843,2017-02-05,
844,2017-02-06,0.04
845,2017-02-07,0.9
846,2017-02-08,0.0
847,2017-02-09,0.0
848,2017-02-10,0.0
849,2017-02-11,2.39
850,2017-02-12,1.91
851,2017-02-13,0.0
852,2017-02-14,0.0
853,2017-02-15,0.0
854,2017-02-16,0.62
855,2017-02-17,0.06
856,2017-02-20,
857,2017-02-21,0.0
858,2017-02-22,0.11
859,2017-02-23,0.0
860,2017-02-24,0.0
861,2017-02-26,
862,2017-02-27,0.0
863,2017-02-28,0.04
864,2017-03-01,1.12
865,2017-03-03,
866,2017-03-06,
867,2017-03-07,0.0
868,2017-03-08,0.0
869,2017-03-09,0.5
870,2017-03-10,0.13
871,2017-03-12,
872,2017-03-13,0.0
873,2017-03-14,0.0
874,2017-03-16,
875,2017-03-17,0.06
876,2017-03-18,0.0
877,2017-03-20,
878,2017-03-21,0.0
879,2017-03-22,0.0
880,2017-03-23,0.0
881,2017-03-24,0.15
882,2017-03-27,
883,2017-03-28,0.0
884,2017-03-29,0.03
885,2017-03-30,0.03
886,2017-03-31,0.0
887,2017-04-01,0.0
888,2017-04-02,0.0
889,2017-04-03,0.09
890,2017-04-04,0.0
891,2017-04-05,0.07
892,2017-04-06,0.0
893,2017-04-07,0.0
894,2017-04-09,
895,2017-04-10,0.0
896,2017-04-11,0.16
897,2017-04-12,0.29
898,2017-04-13,0.0
899,2017-04-14,0.29
900,2017-04-17,
901,2017-04-18,0.12
902,2017-04-19,0.0
903,2017-04-20,0.0
904,2017-04-21,1.05
905,2017-04-22,0.7
906,2017-04-24,
907,2017-04-25,0.0
908,2017-04-26,0.14
909,2017-04-27,0.02
910,2017-04-28,0.09
911,2017-04-29,0.95
912,2017-04-30,1.17
913,2017-05-01,0.03
914,2017-05-02,0.01
915,2017-05-03,0.01
916,2017-05-04,0.08
917,2017-05-05,0.28
918,2017-05-06,0.06
919,2017-05-08,0.95
920,2017-05-09,0.52
921,2017-05-10,0.0
922,2017-05-12,
923,2017-05-15,
924,2017-05-16,0.05
925,2017-05-17,0.0
926,2017-05-18,0.16
927,2017-05-19,0.01
928,2017-05-20,0.01
929,2017-05-22,
930,2017-05-23,0.11
931,2017-05-24,0.1
932,2017-05-25,0.07
933,2017-05-26,0.0
934,2017-05-27,0.0
935,2017-05-28,0.02
936,2017-05-29,0.0
937,2017-05-30,0.04
938,2017-05-31,0.0
939,2017-06-01,0.0
940,2017-06-02,0.15
941,2017-06-03,0.16
942,2017-06-04,0.05
943,2017-06-05,0.02
944,2017-06-06,0.0
945,2017-06-07,0.0
946,2017-06-08,0.01
947,2017-06-09,0.0
948,2017-06-10,0.53
949,2017-06-11,0.14
950,2017-06-12,0.35
951,2017-06-13,0.1
952,2017-06-14,0.21
953,2017-06-15,0.3
954,2017-06-16,0.02
955,2017-06-17,0.02
956,2017-06-18,0.18
957,2017-06-19,0.19
958,2017-06-20,0.17
959,2017-06-23,
960,2017-06-26,
961,2017-06-29,
962,2017-06-30,0.0
963,2017-07-03,
964,2017-07-05,
965,2017-07-07,
966,2017-07-08,0.06
967,2017-07-09,0.0
968,2017-07-10,0.0
969,2017-07-11,0.0
970,2017-07-12,0.02
971,2017-07-13,0.3
972,2017-07-14,0.0
973,2017-07-15,0.01
974,2017-07-16,0.12
975,2017-07-17,0.16
976,2017-07-18,0.0
977,2017-07-19,0.09
978,2017-07-20,0.0
979,2017-07-21,0.0
980,2017-07-22,0.12
981,2017-07-23,0.07
982,2017-07-24,1.19
983,2017-07-25,0.12
984,2017-07-26,0.02
985,2017-07-27,0.0
986,2017-07-28,0.14
987,2017-07-29,0.02
988,2017-07-31,
989,2017-08-01,0.12
990,2017-08-02,0.05
991,2017-08-03,0.01
992,2017-08-04,0.04
993,2017-08-06,0.0
994,2017-08-07,0.0
995,2017-08-08,0.1
996,2017-08-09,0.0
997,2017-08-10,0.0
998,2017-08-11,0.0
999,2017-08-13,
1000,2017-08-14,0.01
1001,2017-08-15,0.0
1002,2017-08-16,0.0
1003,2017-08-17,0.0
1004,2017-08-18,0.0
1005,2017-08-19,0.0
1006,2017-08-20,0.01
1007,2017-08-21,0.02
1008,2017-08-23,0.0
1009,2016-08-23,
1010,2016-08-24,
1011,2016-08-25,0.0
1012,2016-08-26,0.04
1013,2016-08-29,
1014,2016-08-30,0.02
1015,2016-08-31,
1016,2016-09-01,
1017,2016-09-02,
1018,2016-09-08,
1019,2016-09-09,
1020,2016-09-12,
1021,2016-09-13,
1022,2016-09-14,
1023,2016-09-15,
1024,2016-09-16,0.0
1025,2016-09-19,
1026,2016-09-20,0.0
1027,2016-09-22,0.06
1028,2016-09-23,0.0
1029,2016-09-26,
1030,2016-09-28,0.0
1031,2016-09-29,0.04
1032,2016-09-30,
1033,2016-10-03,
1034,2016-10-04,
1035,2016-10-05,
1036,2016-10-06,0.07
1037,2016-10-07,
1038,2016-10-11,
1039,2016-10-13,
1040,2016-10-17,
1041,2016-10-18,
1042,2016-10-19,
1043,2016-10-20,
1044,2016-10-21,
1045,2016-10-24,
1046,2016-10-25,0.4
1047,2016-10-26,0.2
1048,2016-10-27,
1049,2016-10-28,
1050,2016-10-31,
1051,2016-11-04,
1052,2016-11-07,
1053,2016-11-09,0.0
1054,2016-11-14,0.02
1055,2016-11-15,
1056,2016-11-16,
1057,2016-11-17,
1058,2016-11-18,
1059,2016-11-21,
1060,2016-11-22,
1061,2016-11-23,
1062,2016-11-28,
1063,2016-11-29,
1064,2016-11-30,
1065,2016-12-01,
1066,2016-12-02,
1067,2016-12-05,
1068,2016-12-06,
1069,2016-12-07,
1070,2016-12-08,0.27
1071,2016-12-09,
1072,2016-12-12,0.02
1073,2016-12-13,
1074,2016-12-14,
1075,2016-12-15,
1076,2016-12-16,
1077,2016-12-19,
1078,2016-12-20,
1079,2016-12-21,0.06
1080,2016-12-22,
1081,2016-12-23,
1082,2016-12-28,
1083,2016-12-29,
1084,2016-12-30,
1085,2017-01-09,
1086,2017-01-10,
1087,2017-01-11,
1088,2017-01-12,
1089,2017-01-13,
1090,2017-01-17,0.0
1091,2017-01-18,0.0
1092,2017-01-19,
1093,2017-01-20,
1094,2017-01-23,
1095,2017-01-24,
1096,2017-01-25,
1097,2017-01-26,0.0
1098,2017-01-27,0.0
1099,2017-01-30,0.05
1100,2017-01-31,0.0
1101,2017-02-01,0.0
1102,2017-02-02,0.0
1103,2017-02-03,0.0
1104,2017-02-06,
1105,2017-02-07,0.0
1106,2017-02-08,0.0
1107,2017-02-09,0.0
1108,2017-02-10,0.0
1109,2017-02-13,
1110,2017-02-14,0.0
1111,2017-02-15,
1112,2017-02-16,
1113,2017-02-17,0.0
1114,2017-02-21,
1115,2017-02-22,0.17
1116,2017-02-23,0.0
1117,2017-02-24,0.0
1118,2017-02-27,
1119,2017-02-28,
1120,2017-03-01,2.4
1121,2017-03-02,0.44
1122,2017-03-03,0.14
1123,2017-03-06,
1124,2017-03-07,
1125,2017-03-08,
1126,2017-03-09,0.0
1127,2017-03-10,0.0
1128,2017-03-13,
1129,2017-03-14,0.06
1130,2017-03-15,0.0
1131,2017-03-16,
1132,2017-03-17,
1133,2017-03-28,
1134,2017-03-29,
1135,2017-03-30,
1136,2017-03-31,0.0
1137,2017-04-03,
1138,2017-04-04,0.0
1139,2017-04-05,0.0
1140,2017-04-06,0.0
1141,2017-04-07,0.0
1142,2017-04-10,
1143,2017-04-11,
1144,2017-04-12,
1145,2017-04-13,
1146,2017-04-17,
1147,2017-04-18,0.0
1148,2017-04-19,
1149,2017-04-20,
1150,2017-04-21,
1151,2017-04-24,
1152,2017-04-25,
1153,2017-04-27,
1154,2017-04-28,
1155,2017-06-02,
1156,2017-06-05,
1157,2017-06-06,
1158,2017-06-07,
1159,2017-06-08,
1160,2017-06-09,
1161,2017-06-13,
1162,2017-06-14,
1163,2017-06-15,
1164,2017-06-16,
1165,2017-06-19,
1166,2017-06-20,
1167,2017-06-21,
1168,2017-06-22,0.0
1169,2017-06-23,0.0
1170,2017-06-26,
1171,2017-06-27,0.0
1172,2017-06-28,0.0
1173,2017-06-29,0.0
1174,2017-06-30,0.12
1175,2017-07-03,
1176,2017-07-05,
1177,2017-07-06,
1178,2017-07-07,
1179,2017-07-10,
1180,2017-07-11,
1181,2017-07-12,
1182,2017-07-13,
1183,2017-07-18,0.0
1184,2017-07-19,0.0
1185,2017-07-20,0.0
1186,2017-07-21,0.0
1187,2017-07-25,0.0
1188,2017-07-26,
1189,2017-07-27,
1190,2017-07-28,0.01
1191,2017-07-31,
1192,2016-08-23,0.02
1193,2016-08-24,1.22
1194,2016-08-25,0.21
1195,2016-08-26,0.0
1196,2016-08-27,0.0
1197,2016-08-28,0.14
1198,2016-08-29,0.0
1199,2016-08-30,0.0
1200,2016-08-31,0.25
1201,2016-09-02,
1202,2016-09-03,0.08
1203,2016-09-04,0.74
1204,2016-09-05,0.02
1205,2016-09-06,0.03
1206,2016-09-07,0.11
1207,2016-09-08,0.01
1208,2016-09-09,0.23
1209,2016-09-10,0.14
1210,2016-09-11,0.12
1211,2016-09-12,0.15
1212,2016-09-13,0.46
1213,2016-09-14,1.19
1214,2016-09-15,0.17
1215,2016-09-16,0.01
1216,2016-09-17,0.0
1217,2016-09-18,0.04
1218,2016-09-19,0.05
1219,2016-09-20,0.04
1220,2016-09-21,0.0
1221,2016-09-22,0.01
1222,2016-09-23,0.0
1223,2016-09-24,0.0
1224,2016-09-25,0.0
1225,2016-09-26,0.34
1226,2016-09-27,0.05
1227,2016-09-28,0.0
1228,2016-09-29,0.18
1229,2016-09-30,0.15
1230,2016-10-01,0.07
1231,2016-10-02,0.0
1232,2016-10-03,0.0
1233,2016-10-04,0.0
1234,2016-10-05,0.0
1235,2016-10-06,0.0
1236,2016-10-07,0.0
1237,2016-10-08,0.0
1238,2016-10-09,0.0
1239,2016-10-10,0.0
1240,2016-10-11,0.0
1241,2016-10-12,0.0
1242,2016-10-13,0.0
1243,2016-10-14,0.0
1244,2016-10-15,0.0
1245,2016-10-16,0.0
1246,2016-10-17,0.12
1247,2016-10-18,0.02
1248,2016-10-19,0.0
1249,2016-10-21,
1250,2016-10-22,0.0
1251,2016-10-23,0.0
1252,2016-10-24,0.0
1253,2016-10-25,0.12
1254,2016-10-26,0.02
1255,2016-10-27,0.08
1256,2016-10-28,0.06
1257,2016-10-29,0.01
1258,2016-10-30,0.0
1259,2016-10-31,0.13
1260,2016-11-01,0.01
1261,2016-11-02,0.0
1262,2016-11-03,0.0
1263,2016-11-04,0.0
1264,2016-11-05,0.02
1265,2016-11-06,0.0
1266,2016-11-07,0.0
1267,2016-11-08,0.15
1268,2016-11-09,0.0
1269,2016-11-10,0.0
1270,2016-11-11,0.0
1271,2016-11-12,0.0
1272,2016-11-13,0.0
1273,2016-11-14,0.0
1274,2016-11-15,0.0
1275,2016-11-16,0.07
1276,2016-11-17,0.0
1277,2016-11-18,0.02
1278,2016-11-19,0.13
1279,2016-11-20,0.4
1280,2016-11-21,0.07
1281,2016-11-22,0.31
1282,2016-11-23,0.03
1283,2016-11-24,0.21
1284,2016-11-25,0.11
1285,2016-11-26,0.03
1286,2016-11-27,0.0
1287,2016-11-28,0.0
1288,2016-11-29,0.06
1289,2016-11-30,0.0
1290,2016-12-01,0.16
1291,2016-12-02,0.01
1292,2016-12-03,0.02
1293,2016-12-04,0.32
1294,2016-12-05,0.45
1295,2016-12-06,0.0
1296,2016-12-07,0.07
1297,2016-12-08,0.01
1298,2016-12-10,
1299,2016-12-11,0.06
1300,2016-12-12,0.0
1301,2016-12-13,0.15
1302,2016-12-14,0.05
1303,2016-12-15,0.0
1304,2016-12-16,0.0
1305,2016-12-17,0.16
1306,2016-12-18,0.27
1307,2016-12-19,0.02
1308,2016-12-20,0.01
1309,2016-12-21,0.06
1310,2016-12-22,0.14
1311,2016-12-23,0.02
1312,2016-12-24,0.06
1313,2016-12-25,0.0
1314,2016-12-26,0.06
1315,2016-12-27,0.0
1316,2016-12-28,0.06
1317,2016-12-29,0.05
1318,2016-12-30,0.07
1319,2017-01-01,
1320,2017-01-03,
1321,2017-01-04,0.18
1322,2017-01-05,0.42
1323,2017-01-06,0.01
1324,2017-01-07,0.0
1325,2017-01-08,0.0
1326,2017-01-09,0.0
1327,2017-01-10,0.0
1328,2017-01-12,
1329,2017-01-15,
1330,2017-01-16,0.0
1331,2017-01-18,
1332,2017-01-19,0.0
1333,2017-01-20,0.0
1334,2017-01-21,0.11
1335,2017-01-22,0.04
1336,2017-01-23,0.0
1337,2017-01-24,0.08
1338,2017-01-25,0.0
1339,2017-01-26,0.0
1340,2017-01-27,0.0
1341,2017-01-29,
1342,2017-01-30,0.0
1343,2017-01-31,0.0
1344,2017-02-01,0.0
1345,2017-02-02,0.0
1346,2017-02-03,0.0
1347,2017-02-04,0.0
1348,2017-02-05,0.0
1349,2017-02-06,0.0
1350,2017-02-07,1.8
1351,2017-02-08,0.0
1352,2017-02-09,0.0
1353,2017-02-10,0.0
1354,2017-02-11,5.04
1355,2017-02-12,0.07
1356,2017-02-13,0.0
1357,2017-02-15,
1358,2017-02-16,0.67
1359,2017-02-17,0.06
1360,2017-02-18,0.01
1361,2017-02-20,
1362,2017-02-22,0.13
1363,2017-02-23,0.0
1364,2017-02-24,0.0
1365,2017-02-26,
1366,2017-02-27,0.0
1367,2017-02-28,0.0
1368,2017-03-01,0.59
1369,2017-03-02,1.48
1370,2017-03-03,0.25
1371,2017-03-04,0.0
1372,2017-03-06,
1373,2017-03-09,
1374,2017-03-10,0.0
1375,2017-03-11,0.0
1376,2017-03-12,0.0
1377,2017-03-13,0.0
1378,2017-03-14,0.0
1379,2017-03-15,0.0
1380,2017-03-16,0.0
1381,2017-03-17,0.35
1382,2017-03-18,0.0
1383,2017-03-19,0.0
1384,2017-03-20,0.0
1385,2017-03-21,0.0
1386,2017-03-22,0.0
1387,2017-03-23,0.02
1388,2017-03-24,0.07
1389,2017-03-25,0.43
1390,2017-03-26,0.0
1391,2017-03-27,0.0
1392,2017-03-28,0.0
1393,2017-03-29,0.08
1394,2017-03-30,0.0
1395,2017-03-31,0.0
1396,2017-04-01,0.0
1397,2017-04-02,0.0
1398,2017-04-03,0.0
1399,2017-04-04,0.0
1400,2017-04-05,0.0
1401,2017-04-06,0.0
1402,2017-04-07,0.0
1403,2017-04-09,
1404,2017-04-10,0.0
1405,2017-04-11,0.0
1406,2017-04-12,0.0
1407,2017-04-13,0.0
1408,2017-04-14,0.36
1409,2017-04-15,0.0
1410,2017-04-16,0.0
1411,2017-04-17,0.3
1412,2017-04-18,0.15
1413,2017-04-19,0.0
1414,2017-04-20,0.35
1415,2017-04-21,2.36
1416,2017-04-24,
1417,2017-04-25,0.0
1418,2017-04-26,0.01
1419,2017-04-27,0.0
1420,2017-04-28,0.0
1421,2017-04-29,6.25
1422,2017-04-30,1.31
1423,2017-05-01,0.07
1424,2017-05-02,0.0
1425,2017-05-03,0.0
1426,2017-05-04,0.0
1427,2017-05-05,0.0
1428,2017-05-06,0.0
1429,2017-05-07,0.0
1430,2017-05-08,0.0
1431,2017-05-09,0.68
1432,2017-05-10,0.06
1433,2017-05-11,0.0
1434,2017-05-12,0.0
1435,2017-05-13,0.0
1436,2017-05-14,0.0
1437,2017-05-15,0.06
1438,2017-05-16,0.0
1439,2017-05-17,0.0
1440,2017-05-18,0.46
1441,2017-05-20,
1442,2017-05-21,0.0
1443,2017-05-22,0.0
1444,2017-05-23,0.0
1445,2017-05-24,0.61
1446,2017-05-25,0.55
1447,2017-05-26,0.0
1448,2017-05-27,0.0
1449,2017-05-28,0.0
1450,2017-05-29,0.0
1451,2017-05-30,0.11
1452,2017-05-31,0.0
1453,2017-06-01,0.0
1454,2017-06-02,0.0
1455,2017-06-03,0.15
1456,2017-06-04,0.0
1457,2017-06-05,0.0
1458,2017-06-06,0.0
1459,2017-06-07,0.0
1460,2017-06-08,0.0
1461,2017-06-09,0.0
1462,2017-06-10,0.13
1463,2017-06-11,0.25
1464,2017-06-12,0.14
1465,2017-06-13,0.03
1466,2017-06-14,0.06
1467,2017-06-15,0.0
1468,2017-06-16,0.0
1469,2017-06-17,0.0
1470,2017-06-18,0.0
1471,2017-06-19,0.01
1472,2017-06-21,
1473,2017-06-22,0.0
1474,2017-06-23,0.05
1475,2017-06-24,0.0
1476,2017-06-25,0.0
1477,2017-06-26,0.0
1478,2017-06-27,0.0
1479,2017-06-28,0.0
1480,2017-06-29,0.0
1481,2017-06-30,0.07
1482,2017-07-02,
1483,2017-07-03,0.02
1484,2017-07-05,
1485,2017-07-06,0.0
1486,2017-07-07,0.0
1487,2017-07-08,0.0
1488,2017-07-09,0.0
1489,2017-07-10,0.0
1490,2017-07-11,0.0
1491,2017-07-12,0.0
1492,2017-07-13,0.11
1493,2017-07-14,0.0
1494,2017-07-15,0.0
1495,2017-07-16,0.0
1496,2017-07-17,0.0
1497,2017-07-18,0.0
1498,2017-07-19,0.0
1499,2017-07-20,0.33
1500,2017-07-21,0.0
1501,2017-07-22,0.0
1502,2017-07-24,
1503,2017-07-25,0.05
1504,2017-07-26,0.0
1505,2017-07-27,0.0
1506,2017-07-28,0.0
1507,2017-07-29,0.0
1508,2017-07-30,0.0
1509,2017-07-31,0.0
1510,2017-08-01,0.0
1511,2017-08-02,0.0
1512,2017-08-03,0.0
1513,2017-08-04,0.0
1514,2017-08-06,0.0
1515,2017-08-07,0.0
1516,2017-08-08,0.0
1517,2017-08-10,0.0
1518,2017-08-11,0.0
1519,2017-08-12,0.0
1520,2017-08-13,0.0
1521,2017-08-14,0.08
1522,2017-08-15,0.06
1523,2017-08-16,0.07
1524,2017-08-17,0.05
1525,2017-08-19,
1526,2017-08-21,
1527,2017-08-22,0.0
1528,2017-08-23,0.08
1529,2016-08-23,1.79
1530,2016-08-24,2.15
1531,2016-08-25,0.06
1532,2016-08-26,0.01
1533,2016-08-27,0.12
1534,2016-08-28,0.6
1535,2016-08-29,0.35
1536,2016-08-30,0.0
1537,2016-08-31,0.24
1538,2016-09-01,0.02
1539,2016-09-02,0.01
1540,2016-09-03,0.12
1541,2016-09-04,0.14
1542,2016-09-05,0.03
1543,2016-09-06,0.11
1544,2016-09-07,0.16
1545,2016-09-08,0.07
1546,2016-09-09,0.16
1547,2016-09-10,0.09
1548,2016-09-11,0.3
1549,2016-09-12,0.31
1550,2016-09-13,0.34
1551,2016-09-14,2.33
1552,2016-09-15,0.83
1553,2016-09-16,0.06
1554,2016-09-17,0.36
1555,2016-09-18,0.07
1556,2016-09-19,0.01
1557,2016-09-20,0.22
1558,2016-09-21,0.07
1559,2016-09-22,0.34
1560,2016-09-23,0.94
1561,2016-09-24,0.01
1562,2016-09-25,0.03
1563,2016-09-26,0.17
1564,2016-09-27,0.17
1565,2016-09-28,0.0
1566,2016-09-29,0.59
1567,2016-09-30,0.25
1568,2016-10-01,0.14
1569,2016-10-02,0.06
1570,2016-10-03,0.16
1571,2016-10-04,0.03
1572,2016-10-05,0.01
1573,2016-10-06,0.0
1574,2016-10-07,0.0
1575,2016-10-08,0.0
1576,2016-10-09,0.0
1577,2016-10-10,0.0
1578,2016-10-11,0.28
1579,2016-10-12,0.03
1580,2016-10-13,0.0
1581,2016-10-14,0.0
1582,2016-10-15,0.04
1583,2016-10-16,0.0
1584,2016-10-17,0.01
1585,2016-10-18,0.02
1586,2016-10-19,0.11
1587,2016-10-20,0.0
1588,2016-10-21,0.0
1589,2016-10-22,0.15
1590,2016-10-23,0.02
1591,2016-10-24,0.08
1592,2016-10-25,0.11
1593,2016-10-26,0.01
1594,2016-10-27,0.22
1595,2016-10-28,0.05
1596,2016-10-29,0.1
1597,2016-10-30,0.16
1598,2016-10-31,0.07
1599,2016-11-01,0.1
1600,2016-11-02,0.0
1601,2016-11-03,0.0
1602,2016-11-04,0.0
1603,2016-11-05,0.03
1604,2016-11-06,0.01
1605,2016-11-07,0.0
1606,2016-11-08,0.21
1607,2016-11-09,0.11
1608,2016-11-10,0.0
1609,2016-11-11,0.0
1610,2016-11-12,0.0
1611,2016-11-13,0.0
1612,2016-11-14,0.0
1613,2016-11-15,0.0
1614,2016-11-16,0.24
1615,2016-11-17,0.01
1616,2016-11-18,0.0
1617,2016-11-19,0.11
1618,2016-11-20,0.39
1619,2016-11-21,0.11
1620,2016-11-22,2.05
1621,2016-11-23,0.25
1622,2016-11-24,0.3
1623,2016-11-25,0.08
1624,2016-11-26,0.06
1625,2016-11-27,0.17
1626,2016-11-28,0.0
1627,2016-11-29,0.09
1628,2016-11-30,0.05
1629,2016-12-01,0.37
1630,2016-12-02,0.35
1631,2016-12-03,0.77
1632,2016-12-04,0.04
1633,2016-12-05,0.22
1634,2016-12-06,0.0
1635,2016-12-07,0.12
1636,2016-12-08,0.07
1637,2016-12-09,0.31
1638,2016-12-10,0.02
1639,2016-12-11,0.0
1640,2016-12-12,0.0
1641,2016-12-13,0.04
1642,2016-12-14,0.92
1643,2016-12-15,0.14
1644,2016-12-16,0.03
1645,2016-12-17,0.07
1646,2016-12-18,0.16
1647,2016-12-19,0.03
1648,2016-12-20,0.0
1649,2016-12-21,0.11
1650,2016-12-22,0.86
1651,2016-12-23,0.24
1652,2016-12-24,0.2
1653,2016-12-25,0.02
1654,2016-12-26,0.22
1655,2016-12-27,0.05
1656,2016-12-28,0.09
1657,2016-12-29,0.52
1658,2016-12-30,0.29
1659,2016-12-31,0.25
1660,2017-01-01,0.03
1661,2017-01-02,0.01
1662,2017-01-03,0.0
1663,2017-01-04,0.0
1664,2017-01-05,0.06
1665,2017-01-06,0.1
1666,2017-01-07,0.0
1667,2017-01-08,0.0
1668,2017-01-09,0.0
1669,2017-01-10,0.0
1670,2017-01-11,0.0
1671,2017-01-12,0.0
1672,2017-01-13,0.0
1673,2017-01-14,0.01
1674,2017-01-15,0.0
1675,2017-01-16,0.0
1676,2017-01-17,0.0
1677,2017-01-18,0.0
1678,2017-01-19,0.02
1679,2017-01-20,0.0
1680,2017-01-21,0.03
1681,2017-01-22,0.09
1682,2017-01-23,0.01
1683,2017-01-24,0.13
1684,2017-01-25,0.79
1685,2017-01-26,0.0
1686,2017-01-27,0.03
1687,2017-01-28,0.0
1688,2017-01-29,0.26
1689,2017-01-30,0.0
1690,2017-01-31,0.0
1691,2017-02-01,0.0
1692,2017-02-02,0.0
1693,2017-02-03,0.0
1694,2017-02-04,0.0
1695,2017-02-05,0.0
1696,2017-02-06,0.18
1697,2017-02-07,1.32
1698,2017-02-08,0.0
1699,2017-02-09,0.0
1700,2017-02-10,0.0
1701,2017-02-11,1.73
1702,2017-02-12,2.98
1703,2017-02-13,0.01
1704,2017-02-14,0.0
1705,2017-02-15,0.01
1706,2017-02-16,0.73
1707,2017-02-17,0.13
1708,2017-02-18,0.0
1709,2017-02-19,0.09
1710,2017-02-20,0.0
1711,2017-02-21,0.0
1712,2017-02-22,0.06
1713,2017-02-23,0.0
1714,2017-02-24,0.0
1715,2017-02-25,0.0
1716,2017-02-26,0.0
1717,2017-02-27,0.0
1718,2017-02-28,0.04
1719,2017-03-01,2.12
1720,2017-03-02,1.88
1721,2017-03-03,0.27
1722,2017-03-04,0.0
1723,2017-03-05,0.41
1724,2017-03-06,0.03
1725,2017-03-07,0.0
1726,2017-03-08,0.0
1727,2017-03-09,0.65
1728,2017-03-10,0.03
1729,2017-03-11,0.01
1730,2017-03-12,0.0
1731,2017-03-13,0.0
1732,2017-03-14,0.0
1733,2017-03-15,0.06
1734,2017-03-16,0.0
1735,2017-03-17,0.12
1736,2017-03-18,0.0
1737,2017-03-19,0.0
1738,2017-03-20,0.02
1739,2017-03-21,0.09
1740,2017-03-22,0.0
1741,2017-03-23,0.0
1742,2017-03-24,0.12
1743,2017-03-25,0.93
1744,2017-03-26,0.0
1745,2017-03-27,0.01
1746,2017-03-28,0.0
1747,2017-03-29,0.01
1748,2017-03-30,0.04
1749,2017-03-31,0.01
1750,2017-04-01,0.21
1751,2017-04-02,0.0
1752,2017-04-03,0.26
1753,2017-04-04,0.09
1754,2017-04-05,0.1
1755,2017-04-06,0.06
1756,2017-04-07,0.0
1757,2017-04-08,0.0
1758,2017-04-09,0.0
1759,2017-04-10,0.01
1760,2017-04-11,0.03
1761,2017-04-12,0.11
1762,2017-04-13,0.59
1763,2017-04-14,2.3
1764,2017-04-15,0.38
1765,2017-04-16,0.47
1766,2017-04-17,1.04
1767,2017-04-18,2.03
1768,2017-04-19,0.02
1769,2017-04-20,0.05
1770,2017-04-21,1.74
1771,2017-04-22,1.58
1772,2017-04-23,0.06
1773,2017-04-24,0.01
1774,2017-04-25,0.0
1775,2017-04-26,0.02
1776,2017-04-27,0.19
1777,2017-04-28,0.76
1778,2017-04-29,0.37
1779,2017-04-30,1.04
1780,2017-05-01,0.13
1781,2017-05-02,0.01
1782,2017-05-03,0.01
1783,2017-05-04,0.0
1784,2017-05-05,0.0
1785,2017-05-06,0.0
1786,2017-05-07,0.02
1787,2017-05-08,0.73
1788,2017-05-09,1.58
1789,2017-05-10,0.2
1790,2017-05-11,0.12
1791,2017-05-12,0.02
1792,2017-05-13,0.12
1793,2017-05-14,0.17
1794,2017-05-15,0.09
1795,2017-05-16,0.03
1796,2017-05-17,0.07
1797,2017-05-18,0.13
1798,2017-05-19,0.01
1799,2017-05-20,0.02
1800,2017-05-21,0.01
1801,2017-05-22,0.06
1802,2017-05-23,0.06
1803,2017-05-24,0.3
1804,2017-05-25,0.2
1805,2017-05-26,0.0
1806,2017-05-27,0.0
1807,2017-05-28,0.08
1808,2017-05-29,0.4
1809,2017-05-30,1.12
1810,2017-05-31,0.25
1811,2017-06-01,0.0
1812,2017-06-02,0.09
1813,2017-06-03,0.08
1814,2017-06-04,0.13
1815,2017-06-05,0.05
1816,2017-06-06,0.0
1817,2017-06-07,0.0
1818,2017-06-08,0.0
1819,2017-06-09,0.02
1820,2017-06-10,0.62
1821,2017-06-11,0.74
1822,2017-06-12,0.24
1823,2017-06-13,0.24
1824,2017-06-14,0.22
1825,2017-06-15,0.55
1826,2017-06-16,0.06
1827,2017-06-17,0.07
1828,2017-06-18,0.24
1829,2017-06-19,0.08
1830,2017-06-20,0.0
1831,2017-06-21,0.19
1832,2017-06-22,0.06
1833,2017-06-23,0.12
1834,2017-06-24,0.36
1835,2017-06-25,0.02
1836,2017-06-26,0.06
1837,2017-06-27,0.01
1838,2017-06-28,0.0
1839,2017-06-29,0.0
1840,2017-06-30,0.01
1841,2017-07-01,0.08
1842,2017-07-02,0.15
1843,2017-07-03,0.15
1844,2017-07-04,0.08
1845,2017-07-05,0.0
1846,2017-07-06,0.0
1847,2017-07-07,0.18
1848,2017-07-08,0.0
1849,2017-07-09,0.11
1850,2017-07-10,0.02
1851,2017-07-11,0.02
1852,2017-07-12,0.28
1853,2017-07-13,0.32
1854,2017-07-14,0.2
1855,2017-07-15,0.05
1856,2017-07-16,0.1
1857,2017-07-17,0.21
1858,2017-07-18,0.05
1859,2017-07-19,0.05
1860,2017-07-20,0.06
1861,2017-07-21,0.03
1862,2017-07-22,0.2
1863,2017-07-23,0.2
1864,2017-07-24,0.61
1865,2017-07-25,0.11
1866,2017-07-26,0.12
1867,2017-07-27,0.01
1868,2017-07-28,0.09
1869,2017-07-29,0.23
1870,2017-07-30,0.0
1871,2017-07-31,0.0
1872,2017-08-04,0.0
1873,2017-08-05,0.06
1874,2017-08-06,0.0
1875,2017-08-13,0.0
1876,2017-08-14,0.0
1877,2017-08-15,0.32
1878,2017-08-16,0.12
1879,2017-08-17,0.01
1880,2017-08-18,0.06
1881,2016-08-23,0.7
1882,2016-08-24,1.45
1883,2016-08-25,0.11
1884,2016-08-27,
1885,2016-08-28,2.07
1886,2016-08-29,0.9
1887,2016-08-30,0.05
1888,2016-08-31,2.46
1889,2016-09-01,0.01
1890,2016-09-02,0.03
1891,2016-09-03,1.0
1892,2016-09-04,0.44
1893,2016-09-05,0.18
1894,2016-09-06,1.0
1895,2016-09-07,1.35
1896,2016-09-08,0.15
1897,2016-09-09,0.35
1898,2016-09-10,1.16
1899,2016-09-11,0.6
1900,2016-09-12,1.04
1901,2016-09-13,1.2
1902,2016-09-14,6.7
1903,2016-09-15,3.35
1904,2016-09-16,0.61
1905,2016-09-17,0.23
1906,2016-09-18,0.42
1907,2016-09-19,0.25
1908,2016-09-20,0.43
1909,2016-09-21,1.02
1910,2016-09-22,0.75
1911,2016-09-23,0.33
1912,2016-09-24,0.27
1913,2016-09-25,0.04
1914,2016-09-26,1.02
1915,2016-09-27,1.0
1916,2016-09-28,0.05
1917,2016-09-29,1.49
1918,2016-09-30,0.38
1919,2016-10-01,1.02
1920,2016-10-02,0.61
1921,2016-10-03,0.46
1922,2016-10-04,3.46
1923,2016-10-05,0.81
1924,2016-10-06,0.04
1925,2016-10-07,0.01
1926,2016-10-08,0.04
1927,2016-10-09,0.0
1928,2016-10-10,0.0
1929,2016-10-11,0.35
1930,2016-10-12,0.02
1931,2016-10-13,0.06
1932,2016-10-14,0.0
1933,2016-10-15,0.33
1934,2016-10-16,0.0
1935,2016-10-17,0.38
1936,2016-10-18,0.48
1937,2016-10-19,0.0
1938,2016-10-20,1.0
1939,2016-10-21,0.09
1940,2016-10-22,1.37
1941,2016-10-23,0.24
1942,2016-10-24,0.7
1943,2016-10-25,0.4
1944,2016-10-26,0.0
1945,2016-10-27,1.25
1946,2016-10-28,0.37
1947,2016-10-29,0.25
1948,2016-10-30,0.95
1949,2016-10-31,1.35
1950,2016-11-01,0.09
1951,2016-11-02,0.04
1952,2016-11-03,0.02
1953,2016-11-04,0.06
1954,2016-11-05,0.38
1955,2016-11-06,0.05
1956,2016-11-07,0.05
1957,2016-11-08,0.53
1958,2016-11-09,0.04
1959,2016-11-10,0.01
1960,2016-11-11,0.0
1961,2016-11-12,0.0
1962,2016-11-13,0.0
1963,2016-11-14,0.02
1964,2016-11-15,0.05
1965,2016-11-16,0.91
1966,2016-11-17,0.02
1967,2016-11-20,
1968,2016-11-21,2.87
1969,2016-11-22,2.11
1970,2016-11-23,0.22
1971,2016-11-24,0.72
1972,2016-11-25,1.03
1973,2016-11-26,0.3
1974,2016-11-27,0.29
1975,2016-11-28,0.69
1976,2016-11-29,0.2
1977,2016-11-30,0.79
1978,2016-12-01,0.72
1979,2016-12-02,1.27
1980,2016-12-03,1.62
1981,2016-12-04,0.31
1982,2016-12-05,1.6
1983,2016-12-06,0.0
1984,2016-12-07,0.02
1985,2016-12-08,0.03
1986,2016-12-09,0.42
1987,2016-12-10,0.04
1988,2016-12-11,0.13
1989,2016-12-12,0.01
1990,2016-12-13,0.09
1991,2016-12-14,0.33
1992,2016-12-15,0.03
1993,2016-12-16,0.0
1994,2016-12-18,
1995,2016-12-19,0.15
1996,2016-12-20,0.0
1997,2016-12-21,0.55
1998,2016-12-22,1.24
1999,2016-12-23,0.83
2000,2016-12-24,1.08
2001,2016-12-25,0.38
2002,2016-12-26,1.48
2003,2016-12-27,0.14
2004,2016-12-28,0.14
2005,2016-12-29,1.03
2006,2016-12-30,2.37
2007,2016-12-31,0.9
2008,2017-01-01,0.03
2009,2017-01-02,0.0
2010,2017-01-03,0.0
2011,2017-01-04,0.0
2012,2017-01-05,0.47
2013,2017-01-06,0.1
2014,2017-01-07,0.0
2015,2017-01-08,0.03
2016,2017-01-09,0.0
2017,2017-01-10,0.0
2018,2017-01-11,0.0
2019,2017-01-12,0.0
2020,2017-01-13,0.0
2021,2017-01-14,0.0
2022,2017-01-15,0.01
2023,2017-01-16,0.0
2024,2017-01-17,0.0
2025,2017-01-18,0.07
2026,2017-01-19,0.0
2027,2017-01-20,0.0
2028,2017-01-21,0.08
2029,2017-01-22,0.72
2030,2017-01-23,0.85
2031,2017-01-24,1.85
2032,2017-01-25,2.64
2033,2017-01-26,0.1
2034,2017-01-27,0.03
2035,2017-01-28,0.0
2036,2017-01-29,0.55
2037,2017-01-30,0.0
2038,2017-01-31,0.0
2039,2017-02-01,0.0
2040,2017-02-02,0.0
2041,2017-02-04,
2042,2017-02-05,0.0
2043,2017-02-06,0.0
2044,2017-02-07,1.79
2045,2017-02-08,0.0
2046,2017-02-09,0.0
2047,2017-02-10,0.0
2048,2017-02-11,0.73
2049,2017-02-12,1.83
2050,2017-02-13,0.0
2051,2017-02-14,0.01
2052,2017-02-15,0.07
2053,2017-02-16,0.13
2054,2017-02-18,
2055,2017-02-19,0.1
2056,2017-02-20,0.0
2057,2017-02-21,0.07
2058,2017-02-22,0.32
2059,2017-02-23,0.0
2060,2017-02-24,0.0
2061,2017-02-25,0.12
2062,2017-02-26,0.0
2063,2017-02-27,0.0
2064,2017-02-28,0.58
2065,2017-03-01,2.0
2066,2017-03-02,0.58
2067,2017-03-03,0.56
2068,2017-03-04,0.0
2069,2017-03-05,0.35
2070,2017-03-06,0.0
2071,2017-03-07,0.0
2072,2017-03-08,0.0
2073,2017-03-09,0.01
2074,2017-03-10,0.0
2075,2017-03-11,0.0
2076,2017-03-13,
2077,2017-03-14,0.0
2078,2017-03-15,0.0
2079,2017-03-16,0.0
2080,2017-03-18,
2081,2017-03-19,0.0
2082,2017-03-20,0.0
2083,2017-03-21,0.0
2084,2017-03-22,0.0
2085,2017-03-23,0.03
2086,2017-03-24,0.17
2087,2017-03-25,0.48
2088,2017-03-26,0.0
2089,2017-03-27,0.0
2090,2017-03-28,0.68
2091,2017-03-29,0.07
2092,2017-03-31,
2093,2017-04-01,0.2
2094,2017-04-02,0.0
2095,2017-04-03,0.23
2096,2017-04-04,0.02
2097,2017-04-05,0.45
2098,2017-04-06,0.0
2099,2017-04-08,
2100,2017-04-09,0.0
2101,2017-04-10,0.0
2102,2017-04-11,0.25
2103,2017-04-12,0.65
2104,2017-04-13,0.23
2105,2017-04-14,2.82
2106,2017-04-15,0.9
2107,2017-04-16,0.11
2108,2017-04-17,1.3
2109,2017-04-18,0.98
2110,2017-04-19,0.14
2111,2017-04-20,0.0
2112,2017-04-21,1.84
2113,2017-04-22,1.35
2114,2017-04-23,0.35
2115,2017-04-24,0.05
2116,2017-04-25,0.0
2117,2017-04-26,0.22
2118,2017-04-27,0.11
2119,2017-04-28,0.79
2120,2017-04-29,0.0
2121,2017-04-30,0.8
2122,2017-05-01,0.25
2123,2017-05-02,0.0
2124,2017-05-04,
2125,2017-05-05,0.1
2126,2017-05-06,0.0
2127,2017-05-07,0.03
2128,2017-05-08,1.11
2129,2017-05-09,0.23
2130,2017-05-10,0.55
2131,2017-05-11,0.44
2132,2017-05-12,0.1
2133,2017-05-13,0.1
2134,2017-05-14,1.0
2135,2017-05-15,0.6
2136,2017-05-16,0.3
2137,2017-05-17,0.06
2138,2017-05-18,0.0
2139,2017-05-20,
2140,2017-05-21,0.0
2141,2017-05-22,0.3
2142,2017-05-23,0.44
2143,2017-05-24,2.17
2144,2017-05-25,0.88
2145,2017-05-26,0.0
2146,2017-05-27,0.5
2147,2017-05-28,0.0
2148,2017-05-30,
2149,2017-06-01,0.01
2150,2017-06-03,
2151,2017-06-04,0.82
2152,2017-06-05,0.01
2153,2017-06-06,0.0
2154,2017-06-07,0.01
2155,2017-06-08,0.0
2156,2017-06-10,
2157,2017-06-11,0.7
2158,2017-06-12,0.81
2159,2017-06-13,0.65
2160,2017-06-14,0.81
2161,2017-06-15,1.69
2162,2017-06-16,0.1
2163,2017-06-17,0.1
2164,2017-06-18,0.7
2165,2017-06-19,0.4
2166,2017-06-20,0.31
2167,2017-06-21,0.3
2168,2017-06-22,0.28
2169,2017-06-23,0.5
2170,2017-06-24,0.22
2171,2017-06-25,0.5
2172,2017-06-26,0.02
2173,2017-06-27,0.1
2174,2017-06-28,0.02
2175,2017-06-29,0.04
2176,2017-06-30,0.2
2177,2017-07-01,0.1
2178,2017-07-02,0.5
2179,2017-07-03,0.4
2180,2017-07-04,0.0
2181,2017-07-05,0.0
2182,2017-07-06,0.02
2183,2017-07-07,0.3
2184,2017-07-08,0.02
2185,2017-07-09,0.0
2186,2017-07-10,0.02
2187,2017-07-11,0.0
2188,2017-07-12,0.05
2189,2017-07-13,0.68
2190,2017-07-14,0.68
2191,2017-07-15,0.1
2192,2017-07-16,0.5
2193,2017-07-17,0.39
2194,2017-07-18,2.4
2195,2017-07-19,0.27
2196,2017-07-20,0.7
2197,2017-07-21,0.1
2198,2017-07-22,4.0
2199,2017-07-23,0.8
2200,2017-07-24,0.84
2201,2017-07-25,0.3
2202,2017-07-26,0.3
2203,2017-07-27,0.0
2204,2017-07-28,0.4
2205,2017-07-29,0.3
2206,2017-07-30,0.3
2207,2017-07-31,0.0
2208,2017-08-01,
2209,2017-08-02,0.25
2210,2017-08-03,0.06
2211,2017-08-05,
2212,2017-08-06,
2213,2017-08-07,0.05
2214,2017-08-08,0.34
2215,2017-08-09,0.15
2216,2017-08-10,0.07
2217,2017-08-11,
2218,2017-08-12,0.14
2219,2017-08-13,
2220,2017-08-14,0.22
2221,2017-08-15,0.42
2222,2017-08-16,0.42
2223,2017-08-17,0.13
2224,2017-08-18,
2225,2017-08-19,0.09
2226,2017-08-20,
2227,2017-08-21,0.56
2228,2017-08-22,0.5
2229,2017-08-23,0.45
