,City,Cloudiness,Country,Date,Humidity,Lat,Lng,Max. Temp,Wind Speed
3065,aasiaat,64,GL,1544381120.200711,100,68.71,-52.87,18.46,9.84
1012,abaza,32,RU,1544380755.0027032,77,52.65,90.1,-8.68,2.46
1359,abbeville,20,FR,1544380819.559937,71,50.11,1.83,50.0,19.46
1955,abha,0,SA,1544380926.965717,87,18.22,42.5,59.0,4.7
720,abrau-dyurso,0,RU,1544380699.008678,87,44.7,37.6,46.4,8.95
667,abu dhabi,0,AE,1544380687.5850408,57,24.47,54.37,75.2,4.7
416,abu kamal,48,SY,1544380643.1505148,93,34.45,40.92,50.05,6.38
1227,abu samrah,92,SY,1544380794.446877,96,35.3,37.18,48.61,5.14
1091,acapulco,40,MX,1544380770.069392,66,16.86,-99.88,86.0,4.7
2602,adamas,0,GR,1544381040.5634072,76,36.73,24.43,53.6,4.7
2374,adolfo lopez mateos,0,MX,1544381000.232509,49,26.8,-109.39,72.37,2.35
123,adrar,0,DZ,1544380586.9314802,29,27.87,-0.29,66.2,12.75
1170,adre,0,TD,1544380783.701812,53,13.47,22.2,67.87,3.36
619,afyonkarahisar,88,TR,1544380678.857567,73,38.76,30.53,39.92,10.74
2963,agadir,0,MA,1544381101.715468,72,30.42,-9.58,64.4,5.82
809,ahipara,8,NZ,1544380716.856405,99,-35.17,173.16,59.05,12.41
2723,ahuimanu,40,US,1544381061.209054,66,21.44,-157.84,75.92,16.11
2346,ahvaz,0,IR,1544380995.885582,82,31.32,48.68,57.2,2.24
11,airai,24,TL,1544380560.244444,93,-8.93,125.41,71.11,1.68
833,aitape,68,PG,1544380721.82499,100,-3.15,142.36,79.7,7.94
949,akdepe,0,TM,1544380743.405735,68,42.05,59.39,28.4,6.93
2747,akersberga,75,SE,1544381064.8367512,93,59.48,18.3,41.0,4.7
793,aketi,100,CD,1544380713.8844879,54,2.74,23.78,84.83,0.45
382,aklavik,75,CA,1544380637.043589,84,68.22,-135.01,3.2,3.36
378,aksarka,76,RU,1544380636.4361558,88,66.56,67.8,13.55,11.97
371,aksu,0,KZ,1544380634.839453,77,52.04,76.93,-0.41,11.18
798,aktau,0,KZ,1544380714.9947672,86,43.65,51.16,30.2,8.95
571,alakurtti,88,RU,1544380670.886463,95,66.96,30.34,28.9,4.92
2170,alangayam,0,IN,1544380963.206944,91,12.62,78.75,62.56,2.68
134,albany,40,US,1544380589.188361,49,42.65,-73.75,35.96,9.17
1676,albina,68,GF,1544380878.177063,90,5.5,-54.06,77.95,3.13
2671,aleksandrovsk-sakhalinskiy,76,RU,1544381053.236925,100,50.9,142.16,20.03,21.7
3060,alekseyevka,75,RU,1544381119.200716,86,53.25,50.49,26.6,11.18
855,alekseyevsk,76,RU,1544380726.606056,78,57.84,108.35,-18.36,2.91
424,alice,1,US,1544380644.4480839,49,27.75,-98.07,57.74,8.05
1369,alice springs,0,AU,1544380822.699842,36,-23.7,133.88,78.8,10.29
797,aligudarz,0,IR,1544380714.7776692,76,33.4,49.69,19.99,2.57
796,alihe,12,CN,1544380714.566185,47,50.57,123.73,-17.01,4.14
1640,almaznyy,90,RU,1544380870.274682,97,48.03,40.04,32.0,17.9
155,alofi,0,NU,1544380593.337951,69,-19.06,-169.92,75.2,11.41
1672,along,8,IN,1544380877.160557,52,28.17,94.8,49.33,2.24
270,alta floresta,40,BR,1544380616.40916,66,-9.87,-56.08,86.0,9.17
2431,altay,0,CN,1544381011.057892,26,47.83,88.13,-22.32,2.24
2624,altoona,1,US,1544381043.839587,58,40.52,-78.39,30.2,3.36
2250,altopascio,20,IT,1544380975.912191,93,43.81,10.67,55.4,4.7
549,alyangula,32,AU,1544380666.3248918,88,-13.85,136.42,80.6,4.59
878,amapa,20,HN,1544380730.800996,58,15.09,-87.97,86.0,9.17
85,ambilobe,64,MG,1544380580.12589,99,-13.19,49.05,70.48,2.8
865,ambon,20,FR,1544380728.2579682,81,47.55,-2.56,51.8,10.29
477,ambulu,56,ID,1544380654.353452,100,-8.35,113.61,78.53,0.78
992,amga,32,RU,1544380751.1567738,36,60.89,131.98,-24.43,2.91
1199,amol,0,IR,1544380789.672696,87,36.47,52.35,57.2,4.14
1946,amot,0,NO,1544380925.2382689,92,59.57,7.99,19.4,7.94
438,ampanihy,88,MG,1544380646.9672298,95,-24.69,44.75,71.6,2.91
1583,anadyr,0,RU,1544380860.784523,68,64.73,177.51,-14.81,6.71
296,ancud,75,CL,1544380621.6144059,87,-41.87,-73.83,57.2,19.46
358,andros town,20,BS,1544380632.5364878,69,24.73,-77.79,82.4,16.11
1038,angoche,8,MZ,1544380759.5367548,94,-16.23,39.91,84.38,20.13
587,angren,88,UZ,1544380673.5759518,91,41.01,70.08,33.76,1.68
2968,anloga,20,GH,1544381102.691227,74,5.79,0.9,86.0,6.93
2521,anshun,92,CN,1544381026.862464,99,26.25,105.93,30.16,4.14
1239,antalya,75,TR,1544380796.833792,93,36.9,30.69,55.4,5.82
1465,antsohihy,0,MG,1544380839.551604,72,-14.88,47.99,81.64,9.73
1689,aquiraz,75,BR,1544380880.800438,74,-3.9,-38.39,84.2,10.29
101,aragarcas,32,BR,1544380583.0109491,80,-15.9,-52.25,83.3,8.28
993,aranos,0,NA,1544380751.3741739,12,-24.14,19.11,77.14,9.73
26,araripina,80,BR,1544380565.22755,98,-7.58,-40.5,75.65,4.92
2921,arco,56,IT,1544381094.4847,86,45.92,10.89,42.8,3.36
1057,ardakan,0,IR,1544380762.703232,31,32.31,54.02,48.2,4.7
102,aripuana,12,BR,1544380583.232467,64,-9.17,-60.63,88.7,3.13
2667,arlit,0,NE,1544381052.2771661,33,18.74,7.39,65.75,4.92
187,arman,0,RU,1544380599.684947,66,59.7,150.17,2.08,11.97
1622,arosa,75,CH,1544380867.170243,92,46.78,9.68,30.2,6.93
294,arraial do cabo,20,BR,1544380620.854516,61,-22.97,-42.02,78.8,13.87
2411,arroyos y esteros,0,PY,1544381007.771636,43,-25.05,-57.1,89.6,12.75
218,artesia,90,US,1544380605.8233972,100,32.84,-104.4,37.04,6.93
359,artigas,0,BR,1544380633.0695522,37,-30.4,-56.46,86.72,12.64
678,astara,90,AZ,1544380690.082196,100,38.42,48.87,48.2,2.35
2036,aswan,44,EG,1544380940.898409,66,24.09,32.9,57.02,8.05
854,asyut,0,EG,1544380726.39243,58,27.18,31.19,57.2,11.41
1327,atambua,68,ID,1544380813.066133,100,-9.11,124.89,79.21,3.02
474,atbasar,0,KZ,1544380653.292863,40,51.81,68.36,-13.14,4.59
2754,athens,90,US,1544381066.961942,100,34.8,-86.97,44.06,11.41
2416,atherton,75,GB,1544381008.607011,75,53.52,-2.49,46.4,5.82
89,atuona,76,PF,1544380580.804766,100,-9.8,-139.03,78.98,16.33
1387,auburndale,90,US,1544380825.729991,88,28.07,-81.79,73.4,13.87
2971,auki,0,NG,1544381103.728816,31,12.18,6.51,75.92,8.05
1787,avanigadda,0,IN,1544380897.6144252,88,16.02,80.92,73.13,7.05
261,avarua,90,CK,1544380613.7458901,88,-21.21,-159.78,80.6,19.46
3087,avenal,90,US,1544381124.4360802,86,36.0,-120.13,51.08,6.93
105,avera,90,US,1544380584.0466702,91,33.19,-82.53,41.0,10.29
2430,avesta,64,SE,1544381010.835284,100,60.15,16.18,37.4,6.93
1443,awjilah,0,LY,1544380836.122826,63,29.14,21.3,61.43,10.18
43,axim,0,GH,1544380569.5767539,100,4.87,-2.24,83.3,12.75
2151,ayan,56,TR,1544380960.211276,79,40.67,33.6,24.22,2.24
94,aykhal,12,RU,1544380581.4431639,42,65.95,111.51,-28.08,4.03
3030,ayna,0,ES,1544381114.162575,76,38.55,-2.07,48.2,3.36
889,azul,88,AR,1544380732.605469,63,-36.78,-59.86,75.34,10.74
2870,babaeski,68,TR,1544381085.573754,96,41.43,27.09,42.4,6.38
937,babu,92,CN,1544380741.233829,100,23.23,104.89,49.24,2.68
1649,badiraguato,5,MX,1544380873.405887,47,25.36,-107.55,75.2,6.93
193,baindur,24,IN,1544380601.184128,98,13.87,74.63,84.16,11.74
551,baiyin,0,CN,1544380666.830307,77,36.55,104.13,5.0,4.47
3070,balkhash,24,KZ,1544381121.684385,100,46.84,74.98,17.42,10.74
234,ballina,75,IE,1544380608.9185438,87,54.11,-9.15,46.4,18.34
3021,bam,0,IR,1544381112.9120991,68,29.11,58.36,35.6,3.58
1821,bamako,0,ML,1544380904.172844,23,12.65,-8.0,86.0,2.24
2985,bambanglipuro,92,ID,1544381106.596392,100,-7.95,110.28,75.16,2.91
282,bambous virieux,75,MU,1544380618.5928478,88,-20.34,57.76,78.8,8.05
873,banda aceh,32,ID,1544380729.754068,100,5.56,95.32,73.72,1.9
1542,bandarbeyla,8,SO,1544380853.546407,100,9.49,50.81,79.25,17.9
132,bandundu,80,CD,1544380588.9300852,96,-3.32,17.38,73.81,2.68
3068,bang saphan,8,TH,1544381121.342358,94,11.21,99.51,77.77,6.38
2117,bangassou,44,CF,1544380955.245541,51,4.74,22.82,83.17,3.36
269,bangsund,75,NO,1544380616.2908401,100,64.4,11.39,30.2,1.12
393,banikoara,0,BJ,1544380638.713669,31,11.3,2.44,78.76,7.38
2402,banjar,80,ID,1544381005.987189,99,-7.37,108.54,74.26,2.24
1045,bar harbor,1,US,1544380760.660382,54,44.39,-68.2,26.96,5.82
1960,baraboo,75,US,1544380927.789242,80,43.47,-89.74,26.96,3.36
1877,barra do bugres,12,BR,1544380914.062005,85,-15.07,-57.19,89.47,4.92
80,barre,20,US,1544380579.203576,68,44.2,-72.5,31.1,11.41
272,barrow,44,AR,1544380616.75188,46,-38.31,-60.23,81.01,11.97
24,barsovo,0,RU,1544380564.866754,77,61.17,73.17,6.8,6.71
2340,bartica,40,GY,1544380994.920726,62,6.41,-58.62,86.0,16.11
921,baruun-urt,0,MN,1544380738.394923,33,46.68,113.28,-24.75,6.93
2040,basco,1,US,1544380941.946666,74,40.33,-91.2,30.2,3.36
2069,basoko,44,CD,1544380946.761526,92,1.23,23.61,75.52,2.13
1097,batagay-alyta,76,RU,1544380771.3028522,44,67.8,130.41,-29.47,3.91
545,bathsheba,40,BB,1544380665.6362529,69,13.22,-59.52,82.4,19.46
2505,bati,32,ET,1544381024.172441,63,11.19,40.02,68.45,3.91
320,batman,20,TR,1544380626.295053,100,37.88,41.13,41.0,6.93
1711,batticaloa,92,LK,1544380884.538464,100,7.71,81.69,77.32,6.38
2591,bay saint louis,90,US,1544381038.5716832,87,30.31,-89.33,45.14,9.17
1659,baykit,80,RU,1544380874.969683,68,61.68,96.39,-16.2,3.02
1637,beawar,0,IN,1544380869.7111511,78,26.1,74.31,54.01,2.91
1096,becerril,8,CO,1544380771.0788622,37,9.7,-73.28,88.21,1.9
1312,beira,0,ES,1544380810.275824,87,43.2,-8.36,51.8,1.12
1232,bekovo,92,RU,1544380795.367598,93,52.46,43.7,22.69,11.97
2446,belem,64,BR,1544381013.708153,85,-6.45,-64.49,84.34,3.8
2090,beli potok,0,RS,1544380950.089965,61,44.71,20.52,48.2,5.82
141,belluno,0,IT,1544380590.588966,87,46.14,12.22,44.6,4.7
293,belmonte,8,PT,1544380620.7195158,89,40.36,-7.35,48.25,2.91
2418,beloha,12,MG,1544381008.941617,86,-25.17,45.06,75.34,4.36
802,belyy yar,20,RU,1544380715.704469,75,53.6,91.39,-13.01,2.91
1102,benghazi,76,LY,1544380772.215229,100,32.12,20.07,67.15,19.01
2807,benjamin constant,75,BR,1544381075.795671,88,-4.38,-70.03,78.8,4.7
1692,berezovka,88,RU,1544380881.338209,80,57.6,57.31,19.36,2.68
274,beringovskiy,68,RU,1544380617.298837,100,63.05,179.32,14.63,24.83
225,berlevag,90,NO,1544380607.2633228,100,70.86,29.09,28.4,4.7
29,bethel,90,US,1544380565.8413,95,60.79,-161.76,21.2,3.36
1771,beyneu,48,KZ,1544380894.431148,80,45.32,55.19,15.85,3.13
951,bhabua,0,IN,1544380743.7533598,86,25.04,83.61,55.4,2.24
433,biak,36,ID,1544380646.035709,99,-0.91,122.88,79.12,2.35
2184,biella,75,IT,1544380965.5409632,55,45.57,8.05,53.6,14.99
2440,bijie,64,CN,1544381012.5444,90,27.3,105.3,28.54,3.13
2227,bilhaur,0,IN,1544380972.468117,85,26.84,80.06,51.4,2.8
651,bilibino,36,RU,1544380684.555271,0,68.06,166.44,-41.31,1.9
2015,bilma,0,NE,1544380936.7119691,40,18.69,12.92,56.53,3.47
731,biltine,0,TD,1544380701.897741,29,14.53,20.93,70.07,7.16
743,binga,20,ZW,1544380704.958644,75,-17.62,27.34,81.01,6.82
576,binzhou,0,CN,1544380671.7080672,63,37.38,117.96,10.09,2.8
3097,birao,0,CF,1544381126.0609941,29,10.3,22.78,74.3,6.82
2893,bireun,44,ID,1544381089.531481,100,5.2,96.7,79.93,0.67
846,birin,48,SY,1544380724.812036,100,35.01,36.67,50.05,3.91
2607,birjand,0,IR,1544381041.275848,51,32.86,59.22,37.4,4.7
407,birobidzhan,0,RU,1544380641.555337,33,48.79,132.93,-22.18,2.46
247,bismarck,1,US,1544380611.184166,79,46.81,-100.78,26.6,10.29
427,black river,20,JM,1544380645.066914,66,18.03,-77.85,86.0,18.34
2883,blagoyevo,80,RU,1544381087.705299,80,63.37,47.92,22.1,6.49
1157,blankenberge,20,BE,1544380781.370771,61,51.31,3.13,48.2,23.04
1284,blind river,90,CA,1544380805.070552,78,46.19,-82.96,30.2,6.93
1399,bluefields,40,NI,1544380828.278719,79,12.01,-83.77,84.2,4.7
299,bluff,20,AU,1544380622.1160681,73,-23.58,149.07,70.12,10.74
1814,boa vista,75,BR,1544380902.9870021,45,2.82,-60.67,87.8,18.34
1714,boddam,0,GB,1544380885.021441,80,57.47,-1.78,35.6,5.82
521,bogorodskoye,8,RU,1544380661.434161,63,52.37,140.44,0.37,7.38
778,bokovskaya,80,RU,1544380711.043964,94,49.23,41.83,29.44,11.63
74,bolshaya dzhalga,24,RU,1544380577.4392588,100,45.97,42.7,33.22,13.53
1536,bonaventure,1,CA,1544380852.693116,61,48.04,-65.49,12.2,10.29
1007,bonavista,64,CA,1544380753.859471,100,48.65,-53.11,27.5,24.72
1366,bondoukou,0,CI,1544380821.965924,44,8.04,-2.8,83.08,4.47
1864,bone,76,ID,1544380911.508737,99,-5.29,119.42,79.48,4.81
1422,bonfim,92,BR,1544380832.761924,67,-20.33,-44.24,74.75,7.83
946,bonga,20,ET,1544380742.910559,99,7.26,36.25,58.33,1.57
1126,bonthe,8,SL,1544380776.156424,47,7.53,-12.5,91.72,5.7
2661,boralday,75,KZ,1544381051.0604448,92,43.36,76.86,26.6,4.47
2313,bosanski novi,24,BA,1544380989.182027,85,45.05,16.38,38.44,3.13
410,bosaso,8,SO,1544380642.1710238,100,11.28,49.18,75.65,7.94
2950,bouar,0,CF,1544381099.65595,38,5.94,15.59,76.15,7.16
2299,boulder,1,US,1544380986.084471,40,40.02,-105.27,43.88,4.7
2105,bowen,90,AU,1544380952.7353852,94,-20.01,148.25,73.4,12.75
771,boyolangu,88,ID,1544380709.957906,98,-8.09,111.9,72.01,2.8
2655,brae,80,GB,1544381050.1340039,64,60.4,-1.35,39.2,16.11
288,bredasdorp,56,ZA,1544380619.695573,77,-34.53,20.04,62.6,3.36
696,broken hill,80,AU,1544380694.00557,50,-31.97,141.45,75.2,14.99
2681,brokopondo,75,SR,1544381054.6764128,83,5.06,-54.98,78.8,6.93
1229,bronkhorstspruit,68,ZA,1544380794.78353,77,-25.81,28.74,64.22,3.58
251,broome,0,GB,1544380612.17846,80,52.47,1.45,44.6,9.17
164,brunsbuttel,88,DE,1544380595.148292,87,53.9,9.15,44.6,20.8
271,buala,8,SB,1544380616.629515,100,-8.15,159.59,79.7,1.34
1220,bubaque,0,GW,1544380793.2855868,85,11.28,-15.83,86.41,3.69
208,buchanan,75,LR,1544380603.8913379,79,5.88,-10.05,84.2,3.36
2877,buckeye,1,US,1544381086.7569659,62,33.37,-112.58,60.98,4.36
1627,bud,75,NO,1544380867.998348,69,62.91,6.91,41.0,12.75
2080,buin,0,CL,1544380948.595464,17,-33.73,-70.74,82.4,6.93
774,bulgan,48,MN,1544380710.447289,54,48.81,103.53,-13.23,2.91
1065,bull savanna,68,JM,1544380764.181998,63,17.89,-77.59,82.4,9.17
420,buraydah,20,SA,1544380643.7090309,77,26.33,43.97,64.4,9.17
64,buritizeiro,24,BR,1544380575.312201,92,-17.37,-44.96,73.81,11.97
174,burnie,36,AU,1544380597.05258,100,-41.05,145.91,59.32,8.72
539,burns lake,44,CA,1544380664.877399,96,54.23,-125.76,8.83,1.57
32,busselton,0,AU,1544380566.413826,100,-33.64,115.35,64.81,20.24
2,bustamante,36,MX,1544380558.5178938,100,26.53,-100.51,51.31,1.9
211,butaritari,0,KI,1544380604.289116,100,3.07,172.79,84.25,7.38
2910,buzmeyin,90,TM,1544381092.378727,87,38.05,58.21,50.0,4.7
2764,byron bay,92,AU,1544381068.449755,100,-28.65,153.62,66.2,3.36
1599,cabadiangan,40,PH,1544380863.5836349,88,10.45,123.98,77.0,5.82
1238,cabedelo,40,BR,1544380796.7148302,62,-6.97,-34.84,86.0,12.75
119,cabo san lucas,5,MX,1544380586.33718,50,22.89,-109.91,75.2,9.17
1299,cabra,0,ES,1544380808.1013162,87,37.47,-4.43,53.6,2.13
972,cabras,56,CO,1544380747.914609,80,5.5,-75.6,68.05,2.01
1843,cadillac,90,US,1544380908.501323,85,44.25,-85.4,31.46,8.05
588,cairns,75,AU,1544380673.794951,100,-16.92,145.77,75.2,25.28
188,calabozo,12,VE,1544380599.922868,41,8.92,-67.43,94.06,13.42
1444,calbuco,75,CL,1544380836.2555761,59,-41.77,-73.13,66.2,16.11
2663,cam ranh,40,VN,1544381051.706409,94,11.92,109.15,80.6,4.7
1520,camacha,75,PT,1544380849.9659579,68,33.08,-16.33,64.4,8.05
756,camocim,44,BR,1544380707.27222,100,-2.9,-40.84,78.13,6.04
473,camopi,88,GF,1544380653.069532,73,3.17,-52.33,82.22,3.69
2214,campos belos,88,BR,1544380970.046944,100,-13.04,-46.77,70.93,8.95
3066,campos sales,68,BR,1544381120.513246,100,-7.07,-40.37,74.12,3.8
33,cananea,1,MX,1544380566.65072,43,30.98,-110.3,56.12,8.05
3110,cananeia,8,BR,1544381127.85093,91,-25.01,-47.93,75.43,12.53
1254,cap malheureux,75,MU,1544380799.370572,88,-19.98,57.61,78.8,8.05
1191,cap-aux-meules,75,CA,1544380788.112607,62,47.38,-61.86,23.0,23.04
2644,cape canaveral,20,US,1544381047.35085,100,28.41,-80.6,73.94,6.93
249,cape town,20,ZA,1544380611.52944,72,-33.93,18.42,64.4,20.8
660,caraballeda,20,VE,1544380686.419557,66,10.61,-66.85,86.0,5.82
290,caranavi,32,BO,1544380620.155499,73,-15.83,-67.57,78.22,2.24
44,caravelas,92,BR,1544380569.803682,100,-17.73,-39.27,75.7,23.49
16,carnarvon,32,ZA,1544380561.246899,26,-30.97,22.13,67.1,12.19
1060,cartagena,0,ES,1544380763.2712388,82,37.63,-1.0,60.8,8.05
1543,carutapera,32,BR,1544380853.845443,71,-1.2,-46.02,85.87,10.4
2052,cascais,20,PT,1544380943.699569,87,38.7,-9.42,59.0,8.05
183,castro,75,CL,1544380598.567084,87,-42.48,-73.76,57.2,19.46
1248,catemaco,90,MX,1544380798.233397,78,18.42,-95.11,78.8,11.41
173,cayenne,64,GF,1544380596.9307442,70,4.94,-52.33,84.2,11.41
258,cedar city,90,US,1544380613.373794,100,37.68,-113.06,28.04,2.68
2930,chabua,0,IN,1544381096.38834,83,27.49,95.17,50.0,1.57
1746,chalus,40,IR,1544380890.6576169,87,36.66,51.42,55.4,2.24
1869,chambas,20,CU,1544380912.51157,58,22.19,-78.91,86.0,9.17
1153,champoton,40,MX,1544380780.5914721,74,19.35,-90.72,82.4,6.93
2403,changde,92,CN,1544381006.1980429,99,29.04,111.68,31.55,4.7
2060,chantada,0,ES,1544380945.197639,93,42.61,-7.77,48.2,9.17
2463,chapais,90,CA,1544381016.420629,78,49.78,-74.86,17.6,4.7
3094,charcas,8,MX,1544381125.60994,76,23.13,-101.11,55.67,1.45
2904,charleston,90,US,1544381091.155058,78,38.35,-81.63,33.98,4.7
1494,charneca de caparica,0,PT,1544380844.181188,87,38.6,-9.18,59.0,3.36
1799,chengde,56,CN,1544380899.631201,65,40.97,117.93,-0.81,2.57
172,cherskiy,64,RU,1544380596.806132,74,68.75,161.3,-16.65,5.93
2691,chibombo,64,ZM,1544381056.106582,90,-14.68,28.09,70.21,3.58
586,chicama,20,PE,1544380673.3608289,78,-7.84,-79.15,73.4,13.87
1890,chifeng,56,CN,1544380916.3402328,55,42.27,118.96,-2.02,2.57
2206,chikwawa,64,MW,1544380968.852576,76,-16.03,34.79,81.01,2.91
156,chimbote,0,PE,1544380593.461997,76,-9.08,-78.59,72.5,5.37
560,chimoio,92,MZ,1544380668.653002,97,-19.11,33.48,72.73,3.36
1784,chingirlau,88,KZ,1544380897.0580769,90,51.09,54.08,22.78,3.02
2843,chinsali,88,ZM,1544381081.24627,95,-10.55,32.07,65.62,3.02
262,chokurdakh,24,RU,1544380613.8665469,50,70.62,147.9,-30.1,8.05
1614,christchurch,88,NZ,1544380865.674114,82,-43.53,172.64,55.4,13.87
8,chumikan,0,RU,1544380559.769237,79,54.72,135.31,-18.09,6.6
83,chuy,0,UY,1544380579.769522,63,-33.69,-53.46,81.73,7.94
191,cidreira,76,BR,1544380600.649312,57,-30.17,-50.22,80.02,8.16
462,ciudad guayana,0,VE,1544380651.3302279,57,8.32,-62.69,88.52,7.16
1108,claudio,92,BR,1544380773.256386,51,-20.44,-44.77,77.86,10.07
161,clyde river,5,CA,1544380594.420649,74,70.47,-68.59,-25.61,3.36
532,coahuayana,0,MX,1544380663.2976232,41,18.62,-100.35,81.28,3.02
398,cockburn town,12,TC,1544380639.339099,99,21.46,-71.14,80.92,23.26
372,codrington,90,AU,1544380635.15886,93,-28.95,153.24,62.6,1.68
1952,coihaique,75,CL,1544380926.4523141,48,-45.58,-72.07,64.4,6.93
2926,colac,0,AU,1544381095.67309,91,-38.34,143.59,53.6,2.57
131,college,90,US,1544380588.704813,92,64.86,-147.8,14.54,3.36
742,comodoro rivadavia,20,AR,1544380704.579251,27,-45.87,-67.48,77.0,19.46
361,conakry,0,GN,1544380633.514996,94,9.52,-13.7,86.14,12.19
1293,concepcion,0,CO,1544380806.7298079,31,9.56,-73.66,98.02,2.8
2174,constantine,0,DZ,1544380963.737951,76,36.36,6.61,50.0,3.36
508,constitucion,5,MX,1544380659.510518,45,23.99,-104.67,53.6,6.93
1655,cookeville,90,US,1544380874.491495,100,36.16,-85.5,39.2,10.29
738,cooma,90,AU,1544380703.811021,82,-36.24,149.13,59.0,6.93
505,coquimbo,0,CL,1544380659.043733,56,-29.95,-71.34,69.8,16.11
327,coracora,32,PE,1544380627.499628,30,-15.02,-73.78,66.02,1.45
820,coral springs,90,CA,1544380719.2374241,40,51.1,-113.93,35.6,2.24
1304,corbelia,0,BR,1544380808.8129542,54,-24.8,-53.31,82.85,8.5
1177,corinto,80,BR,1544380785.369785,70,-18.36,-44.46,74.8,11.18
2751,corning,1,US,1544381065.5496,51,42.14,-77.05,33.08,11.41
694,corralillo,8,CU,1544380693.470826,68,22.98,-80.59,86.72,8.16
2063,cortland,1,US,1544380945.763305,58,42.6,-76.18,32.0,9.17
1575,coruripe,36,BR,1544380859.2867148,92,-10.12,-36.18,82.13,14.43
2915,costa rica,5,MX,1544381093.333215,47,24.59,-107.39,75.2,6.93
426,craig,20,US,1544380644.824394,63,40.52,-107.55,30.92,5.82
2634,cross lanes,40,GB,1544381045.501586,81,50.05,-5.22,50.0,23.04
2855,cruzeiro do oeste,0,BR,1544381083.1823921,55,-23.78,-53.07,82.99,7.61
2881,csavoly,68,HU,1544381087.338469,97,46.19,19.15,39.02,3.13
1887,cururupu,44,BR,1544380915.784299,77,-1.82,-44.87,85.06,7.72
341,dakar,0,SN,1544380629.575263,51,14.69,-17.45,89.6,4.7
1264,dalaba,0,GN,1544380801.0941708,44,10.69,-12.25,80.33,3.36
2964,damghan,44,IR,1544381101.843154,86,36.17,54.34,36.55,3.58
2059,damietta,24,EG,1544380944.907798,100,31.42,31.81,55.58,7.27
1068,danielskuil,0,ZA,1544380765.2017448,23,-28.19,23.54,66.16,6.49
59,danjiangkou,80,CN,1544380573.067652,83,32.54,111.51,26.74,2.01
2845,darhan,56,MN,1544381081.723259,64,49.49,105.92,-10.03,3.36
1682,dauphin,1,CA,1544380879.451403,54,51.15,-100.04,30.2,28.86
1041,dauriya,0,RU,1544380760.0441961,37,49.93,116.85,-26.19,3.02
23,davila,20,PH,1544380564.047513,94,18.47,120.58,75.2,2.24
2677,davlekanovo,90,RU,1544381054.077309,85,54.22,55.03,23.0,8.95
1348,de-kastri,12,RU,1544380816.496835,100,51.48,140.77,9.64,20.13
114,demerval lobao,75,BR,1544380585.7066848,59,-5.36,-42.68,89.6,4.7
1272,den helder,75,NL,1544380802.3021162,70,52.96,4.76,48.2,20.8
2564,denpasar,88,ID,1544381033.9165828,100,-8.65,115.22,73.9,1.45
592,deogarh,0,IN,1544380674.533916,82,21.53,84.72,54.28,1.79
158,deputatskiy,20,RU,1544380593.834013,0,69.3,139.9,-44.73,2.68
54,derzhavinsk,0,KZ,1544380571.71145,66,51.1,66.31,-9.13,3.02
1592,dese,0,IT,1544380862.483999,87,45.53,12.3,46.4,5.82
2858,det udom,12,TH,1544381083.77534,78,14.9,105.08,73.4,10.29
806,devils lake,1,US,1544380716.31152,79,48.11,-98.87,15.8,11.41
1736,dhidhdhoo,0,MV,1544380888.664421,100,6.88,73.1,83.26,3.91
1023,dhola,20,NP,1544380757.128305,87,27.92,84.82,48.2,3.36
2536,diamantino,12,BR,1544381028.9170828,83,-14.4,-56.44,86.0,4.14
847,dibulla,20,CO,1544380725.040458,49,11.27,-73.31,91.4,17.22
2375,diego de almagro,0,CL,1544381000.471246,53,-26.39,-70.05,79.21,3.69
146,dikson,64,RU,1544380591.297531,100,73.51,80.55,21.83,21.81
479,dingle,56,PH,1544380654.603774,90,11.0,122.67,76.15,9.28
2376,diplo,24,PK,1544381000.762732,79,24.47,69.59,60.8,2.8
492,dire,20,ET,1544380657.037847,72,9.18,38.92,59.0,9.17
2368,diu,0,IN,1544380999.391262,56,20.71,70.98,63.28,6.6
760,dogondoutchi,0,NE,1544380707.969415,27,13.64,4.03,77.05,7.72
376,doha,1,QA,1544380636.006022,50,25.29,51.53,73.4,4.7
1080,doka,8,SD,1544380767.541238,37,13.52,35.76,82.0,8.39
73,dolores,80,AR,1544380577.155705,54,-36.31,-57.68,80.15,14.32
1907,dombarovskiy,8,RU,1544380919.074899,45,50.76,59.54,-7.02,2.91
1612,dong hoi,92,VN,1544380865.401209,100,17.48,106.6,71.78,20.24
2558,dongsheng,92,CN,1544381032.962819,88,29.72,112.52,33.31,4.25
1823,dori,0,BF,1544380904.5442638,27,14.03,-0.03,76.51,5.93
2554,douglas,1,US,1544381032.249265,63,31.34,-109.55,53.06,6.93
419,dudinka,92,RU,1544380643.594235,79,69.41,86.18,4.55,16.22
767,dukat,20,RS,1544380709.263558,85,42.44,22.31,23.41,2.01
175,dunedin,32,NZ,1544380597.181344,90,-45.87,170.5,47.44,7.49
1204,durban,75,FR,1544380790.4030561,81,43.54,0.58,50.0,11.41
461,dwarka,0,IN,1544380651.1136892,76,28.58,77.04,53.6,3.36
88,east london,20,ZA,1544380580.684165,72,-33.02,27.91,64.4,4.7
1413,eau claire,1,US,1544380830.7835982,68,44.81,-91.5,26.96,5.82
1686,eenhana,0,NA,1544380880.1470919,6,-17.48,16.34,87.8,2.24
186,egvekinot,24,RU,1544380598.9978108,71,66.32,-179.17,-6.93,9.95
2284,eirunepe,32,BR,1544380983.827923,73,-6.66,-69.87,85.24,3.36
2891,ejido,0,VE,1544381089.105809,47,8.55,-71.24,74.44,0.78
1699,ekhabi,32,RU,1544380882.401954,88,53.51,142.97,19.0,20.69
55,el alto,20,BO,1544380572.039009,12,-16.5,-68.19,69.8,14.99
458,el angel,75,EC,1544380650.5115159,76,0.62,-77.93,55.4,9.17
120,elat,0,CM,1544380586.459952,81,2.91,11.16,74.44,3.02
1743,elesbao veloso,76,BR,1544380890.022412,87,-6.2,-42.14,83.08,4.03
3008,elk city,1,US,1544381110.1742568,28,35.41,-99.4,46.04,9.17
1751,elko,90,US,1544380891.385252,84,40.83,-115.76,24.98,4.7
1250,ellisras,48,ZA,1544380798.57213,90,-23.67,27.74,67.51,10.74
1986,emba,40,CY,1544380932.3844779,52,34.81,32.42,66.2,5.82
287,enshi,92,CN,1544380619.56945,88,30.29,109.48,26.56,3.58
2947,erdenet,48,MN,1544381099.089157,65,49.03,104.04,-17.05,2.57
2966,erenhot,20,CN,1544381102.2807,61,43.65,111.97,-9.13,3.69
1958,ertil,92,RU,1544380927.429425,93,51.84,40.8,29.53,13.65
1549,erzin,75,TR,1544380854.9087548,87,36.95,36.2,55.4,3.36
445,esna,12,RO,1544380648.495009,98,45.2,27.57,29.44,3.36
520,esperance,20,TT,1544380661.205973,48,10.24,-61.45,86.0,16.11
831,esso,36,RU,1544380721.364602,64,55.93,158.7,-11.25,1.01
2088,eureka,90,US,1544380949.739564,49,40.8,-124.16,60.98,13.87
2039,evensk,24,RU,1544380941.6639569,100,61.92,159.24,8.87,17.67
1395,eydhafushi,8,MV,1544380827.344486,100,5.1,73.07,84.02,3.91
82,faanui,12,PF,1544380579.641797,100,-16.48,-151.75,82.18,17.67
1130,fairbanks,90,US,1544380776.918463,92,64.84,-147.72,14.54,3.36
331,fallon,1,US,1544380628.195634,77,46.84,-105.12,24.08,10.29
708,fare,24,PF,1544380696.871098,100,-16.7,-151.02,81.64,18.12
483,faya,0,SA,1544380655.5170088,87,18.39,42.45,60.8,3.8
2068,fayaoue,76,NC,1544380946.488325,100,-20.65,166.53,77.5,20.02
994,fenyi,92,CN,1544380751.583492,100,27.82,114.69,32.95,2.91
329,ferme-neuve,92,CA,1544380627.841099,81,46.7,-75.45,26.56,8.28
1063,ferreira do alentejo,0,PT,1544380763.833628,72,38.06,-8.11,59.0,2.24
1806,fiche,8,ET,1544380900.6709278,59,9.77,38.74,57.16,6.82
1172,filadelfia,12,PY,1544380784.163027,44,-22.35,-60.04,96.62,13.65
98,flinders,80,AU,1544380582.259647,96,-34.58,150.85,64.45,4.7
874,fomboni,0,KM,1544380729.967416,100,-12.28,43.74,82.67,13.31
2705,forestville,90,CA,1544381058.2691789,66,48.74,-69.09,10.4,4.7
3009,fort abbas,32,PK,1544381110.8972821,65,29.19,72.85,58.37,4.7
585,fort nelson,75,CA,1544380673.23155,84,58.81,-122.69,-2.21,4.7
2270,fort saint james,64,CA,1544380979.7433028,88,54.43,-124.25,11.17,2.68
47,fortuna,0,ES,1544380570.2879949,77,38.18,-1.13,60.8,10.29
2934,fortuna foothills,1,US,1544381097.021905,62,32.66,-114.41,62.96,12.75
2773,french harbor,20,HN,1544381070.145074,70,16.35,-86.43,84.2,6.93
2222,frisco,75,US,1544380971.393793,65,33.15,-96.82,46.94,12.75
127,fukue,40,JP,1544380588.0107899,56,35.03,136.69,42.8,17.22
81,gagino,92,RU,1544380579.4181042,93,54.27,39.54,30.16,13.76
1471,galesong,76,ID,1544380840.494408,99,-5.32,119.37,79.48,4.81
1678,gamagori,40,JP,1544380878.524333,52,34.83,137.23,42.8,16.11
2653,gamba,8,CN,1544381049.7989461,42,28.28,88.52,-11.7,2.35
2993,gamboma,80,CG,1544381107.703359,91,-1.87,15.88,74.57,1.57
1162,ganta,0,LR,1544380782.375725,70,7.31,-8.54,83.3,2.68
1589,garoua,0,CM,1544380861.832881,62,9.31,13.39,76.37,2.46
1587,garowe,0,SO,1544380861.279287,52,8.41,48.48,74.62,10.96
916,gat,0,SN,1544380737.640275,30,14.69,-16.54,95.0,2.24
924,gavle,92,SE,1544380738.862817,100,60.67,17.14,35.6,4.59
201,gazojak,8,TM,1544380602.743954,98,41.19,61.4,26.33,3.36
2143,general pico,20,AR,1544380958.932915,27,-35.66,-63.75,86.18,9.28
159,general roca,20,AR,1544380594.0508108,22,-39.03,-67.58,80.6,13.87
77,georgetown,40,GY,1544380578.399837,70,6.8,-58.16,86.0,13.87
205,geraldton,75,CA,1544380603.321755,73,49.72,-86.95,19.4,5.82
1949,gigmoto,88,PH,1544380925.8855329,100,13.78,124.39,78.17,10.4
1492,gilgit,88,PK,1544380843.824391,91,35.92,74.31,19.13,1.01
466,gimbi,76,ET,1544380652.037642,57,8.81,37.79,60.53,1.34
2832,gizo,0,IL,1544381079.589956,77,31.8,34.94,60.8,6.93
1381,gleisdorf,75,AT,1544380824.800184,75,47.11,15.71,32.0,1.12
1582,glendive,1,US,1544380860.554739,77,47.11,-104.71,30.2,10.29
1905,goderich,32,CA,1544380918.732648,95,43.74,-81.71,30.52,17.78
1674,golden,75,CA,1544380877.8206651,72,51.3,-116.96,17.6,5.82
869,golspie,40,GB,1544380728.8505101,86,57.97,-3.98,41.0,12.75
1777,gombe,0,NG,1544380895.802905,24,10.28,11.17,78.8,7.83
1775,gornopravdinsk,88,RU,1544380895.434387,72,60.06,69.92,11.26,4.7
2796,gornyye klyuchi,0,RU,1544381074.0185962,63,45.25,133.5,0.82,7.83
1313,gorom-gorom,0,BF,1544380810.50707,28,14.45,-0.24,76.06,6.15
973,gorontalo,12,ID,1544380748.141963,96,0.54,123.06,73.36,2.13
2226,grand baie,75,MU,1544380972.2471292,88,-20.02,57.58,78.8,8.05
604,grand gaube,75,MU,1544380676.572716,88,-20.01,57.66,78.8,8.05
507,grand-santi,92,GF,1544380659.3876212,76,4.27,-54.38,81.55,4.59
1871,gravdal,40,NO,1544380912.84285,93,59.79,5.78,39.2,19.46
2037,great bend,1,US,1544380941.3119302,54,38.36,-98.78,39.92,4.7
280,grindavik,90,IS,1544380618.339626,86,63.84,-22.43,33.8,20.8
435,guadalajara,0,ES,1544380646.3164868,87,40.63,-3.16,53.6,4.7
2330,gualdo tadino,75,IT,1544380992.85101,87,43.23,12.78,51.8,3.36
1778,guantanamo,75,BO,1544380896.021982,58,-16.14,-62.05,87.8,11.41
584,guarapari,75,BR,1544380673.1096141,65,-20.67,-40.5,77.0,9.17
171,guaruja,20,BR,1544380596.685195,53,-23.99,-46.26,78.8,10.29
1872,gubkinskiy,88,RU,1544380913.2529511,88,64.43,76.5,14.95,7.72
386,guerrero negro,0,MX,1544380637.530626,62,27.97,-114.04,66.34,1.9
2504,guskhara,0,IN,1544381023.9464471,80,23.5,87.75,53.47,2.91
2600,guymon,1,US,1544381040.17136,38,36.68,-101.48,47.66,5.82
2970,gvardeysk,75,RU,1544381103.181399,93,54.65,21.07,42.8,6.71
1328,hailar,0,CN,1544380813.2871628,41,49.2,119.7,-27.81,3.47
4,haines junction,80,CA,1544380558.874271,75,60.75,-137.51,33.62,7.05
2121,hajnowka,92,PL,1544380955.970625,93,52.74,23.58,40.69,13.31
1500,half moon bay,90,US,1544380845.518167,86,37.46,-122.43,51.98,8.05
2079,halifax,20,CA,1544380948.374828,62,44.65,-63.58,21.2,17.22
1271,hambantota,80,LK,1544380802.156269,100,6.12,81.12,79.39,6.04
395,hami,0,CN,1544380638.9692008,38,42.84,93.51,-4.45,6.93
547,hamilton,75,BM,1544380665.989533,59,32.3,-64.78,62.6,14.99
2395,hanmer springs,88,NZ,1544381004.822985,99,-42.52,172.83,51.94,1.9
662,hanzhong,56,CN,1544380686.876168,88,33.08,107.03,20.98,2.35
302,hare bay,20,CA,1544380623.3149,73,48.86,-53.99,23.0,19.46
1119,harer,90,US,1544380775.0955489,68,42.19,-111.17,26.6,3.36
440,harper,90,US,1544380647.205602,65,30.3,-99.24,48.02,10.29
318,hasaki,0,JP,1544380625.9395041,69,35.73,140.83,35.6,4.7
1809,hashtrud,0,IR,1544380901.233827,88,37.48,47.05,26.83,3.36
2051,hatillo,1,PR,1544380943.56533,74,18.49,-66.83,84.2,17.22
894,haverfordwest,76,GB,1544380733.561229,81,51.8,-4.97,50.0,21.92
872,havoysund,90,NO,1544380729.525883,100,71.0,24.66,32.0,8.05
1047,havre-saint-pierre,20,CA,1544380760.914845,67,50.23,-63.6,17.6,13.87
125,hay river,75,CA,1544380587.4180968,79,60.82,-115.79,23.0,9.17
699,hearst,76,CA,1544380694.572875,63,49.69,-83.67,20.8,7.72
2798,hefei,90,CN,1544381074.468313,96,31.82,117.22,32.0,4.47
122,henties bay,0,NA,1544380586.805481,90,-22.12,14.28,61.66,9.84
180,hermanus,0,ZA,1544380598.103051,67,-34.42,19.24,63.01,4.81
2070,hervey bay,75,AU,1544380946.8905659,88,-25.3,152.85,68.0,5.82
2212,highland springs,90,US,1544380969.800908,100,37.55,-77.33,33.8,9.17
1,hilo,75,US,1544380558.014623,78,19.71,-155.08,73.04,12.75
60,hirara,92,JP,1544380573.191628,100,24.8,125.28,73.36,23.04
216,hithadhoo,76,MV,1544380605.406104,100,-0.6,73.08,82.13,8.39
140,hobart,40,AU,1544380590.371629,93,-42.88,147.33,53.6,4.7
1531,hobyo,8,SO,1544380851.8774989,82,5.35,48.53,79.39,16.55
196,hofn,20,IS,1544380601.7848341,58,64.25,-15.21,24.8,14.99
698,hokitika,80,NZ,1544380694.351634,100,-42.72,170.96,58.78,1.34
1160,holme,75,GB,1544380781.960961,75,53.7,-2.31,46.4,5.82
36,homer,1,US,1544380567.012932,63,59.64,-151.54,32.0,4.7
1507,hondo,1,US,1544380846.966781,43,29.35,-99.14,55.04,8.05
1943,honiara,36,SB,1544380924.780152,100,-9.43,159.96,72.46,1.68
1759,hoquiam,90,US,1544380892.555414,89,46.98,-123.89,46.94,13.87
1087,horsham,20,AU,1544380768.7070148,90,-36.71,142.2,62.02,7.49
2333,hot springs,1,US,1544380993.696435,47,34.5,-93.06,48.02,6.93
1111,houston,90,US,1544380773.700072,70,29.76,-95.37,48.2,10.29
1829,hovd,75,NO,1544380905.928161,98,63.83,10.7,37.4,3.36
5,hualmay,0,PE,1544380559.101226,61,-11.1,-77.61,75.7,6.15
1213,huarmey,0,PE,1544380791.9236321,55,-10.07,-78.15,76.73,4.36
1789,huejucar,0,MX,1544380897.9662359,55,22.35,-103.22,63.19,4.03
2583,huilong,100,CN,1544381037.370275,91,28.89,110.18,27.1,3.02
2329,hull,0,GB,1544380992.619215,80,53.74,-0.34,42.8,9.17
194,humaita,20,AR,1544380601.437921,45,-24.93,-65.37,86.0,6.93
48,husavik,12,CA,1544380570.509621,95,50.56,-96.99,4.6,6.6
1308,igarka,88,RU,1544380809.507864,78,67.47,86.57,4.87,9.62
1260,igunga,88,TZ,1544380800.207145,98,-4.28,33.88,64.54,3.36
2695,ilukste,80,LV,1544381056.8765,97,55.98,26.3,33.67,14.88
56,ilulissat,75,GL,1544380572.160128,60,69.22,-51.1,10.4,10.29
100,imeni babushkina,68,RU,1544380582.5963478,85,59.76,43.13,19.22,9.62
2449,impfondo,20,CD,1544381014.183469,89,1.62,18.06,76.73,2.13
2906,indian head,0,CA,1544381091.6448011,76,50.53,-103.67,21.92,11.63
1029,inhambane,40,MZ,1544380758.072621,88,-23.87,35.38,80.6,4.7
568,inuvik,90,CA,1544380670.317021,77,68.36,-133.71,3.2,3.36
1163,inverell,0,AU,1544380782.5958788,89,-29.78,151.11,52.3,2.35
628,iqaluit,90,CA,1544380680.238496,76,63.75,-68.52,-4.01,9.17
153,iquique,0,CL,1544380593.063367,64,-20.22,-70.14,69.8,18.34
709,iracoubo,80,GF,1544380697.092886,76,5.48,-53.21,80.87,5.48
722,isangel,80,VU,1544380699.458056,100,-19.55,169.27,77.27,17.9
45,iskateley,68,RU,1544380570.038267,89,67.68,53.15,19.9,15.77
684,isla mujeres,75,MX,1544380691.267576,66,21.23,-86.73,84.2,6.93
2897,itacarambi,92,BR,1544381090.2057128,100,-15.1,-44.09,71.33,6.93
330,itaituba,40,BR,1544380628.0586722,66,-4.26,-55.99,87.8,3.36
2314,itarema,64,BR,1544380989.314264,94,-2.92,-39.92,82.4,10.4
1225,itoman,75,JP,1544380794.099054,88,26.12,127.67,68.0,11.41
875,iwaki,0,JP,1544380730.18124,100,37.05,140.89,37.4,9.73
448,iwanai,44,JP,1544380648.960424,100,42.97,140.51,26.74,26.84
989,ixtapa,40,MX,1544380750.696543,65,20.71,-105.21,80.6,4.7
432,izhmorskiy,48,RU,1544380645.8223412,58,56.19,86.64,-11.92,3.13
1315,jacqueville,20,CI,1544380810.878985,74,5.21,-4.42,86.0,9.17
2933,jaguarao,0,BR,1544381096.8837178,34,-32.57,-53.38,87.94,14.09
2516,jaicos,68,BR,1544381025.930803,98,-7.36,-41.14,78.8,4.47
72,jalu,0,LY,1544380576.551718,56,29.03,21.55,60.17,8.05
46,jamestown,44,AU,1544380570.166759,78,-33.21,138.6,63.77,8.05
3067,jardim,0,BR,1544381120.9334688,48,-21.48,-56.15,93.2,8.5
104,jasper,92,US,1544380583.818411,93,33.83,-87.28,42.8,6.6
182,jaunjelgava,88,LV,1544380598.4464269,96,56.62,25.08,35.15,10.18
2255,jian,0,IN,1544380976.9498172,76,25.65,87.89,57.83,4.59
2718,jiangyou,88,CN,1544381060.491267,97,31.78,104.73,34.03,2.91
2466,jiayuguan,0,CN,1544381017.029034,48,39.77,98.29,-21.37,3.69
1340,jiehu,44,CN,1544380815.3160079,72,35.54,118.45,18.19,2.68
2192,jimenez,40,PA,1544380966.725352,62,8.54,-82.37,87.8,5.82
1892,jinchang,0,CN,1544380916.68172,60,38.52,102.19,-3.1,2.91
1372,jos,0,NG,1544380823.177943,37,9.92,8.9,70.84,6.49
2328,joshimath,24,IN,1544380992.3684459,100,30.57,79.57,-1.3,0.67
240,juneau,90,US,1544380609.973663,92,58.3,-134.42,44.06,16.11
1230,kaarina,92,FI,1544380795.0266922,93,60.41,22.37,41.0,9.17
2935,kadaura,0,IN,1544381097.245945,78,25.99,79.84,54.05,2.91
987,kaeo,0,NZ,1544380750.347266,94,-35.1,173.78,56.3,10.4
2470,kafr abil,36,JO,1544381017.729412,81,32.42,35.67,50.0,1.9
323,kahului,75,US,1544380626.822784,71,20.89,-156.47,73.94,13.87
303,kailua,40,US,1544380623.4678311,66,21.39,-157.74,75.92,16.11
702,kaimganj,0,IN,1544380695.631559,86,27.55,79.34,52.88,2.68
51,kaitangata,92,NZ,1544380571.075479,89,-46.28,169.85,49.82,6.93
2301,kaithal,0,IN,1544380986.440562,80,29.8,76.4,51.08,0.34
195,kamaishi,8,JP,1544380601.561276,85,39.28,141.86,32.86,11.74
460,kambove,88,CD,1544380650.8466098,75,-10.88,26.6,70.48,6.93
536,kamenka,92,RU,1544380664.1405492,91,53.19,44.05,21.16,11.97
837,kanchanaburi,88,TH,1544380722.61165,91,14.03,99.53,73.36,5.93
2147,kandrian,24,PG,1544380959.6258051,91,-6.21,149.55,78.85,4.92
1881,kangalassy,36,RU,1544380914.761697,65,62.35,129.97,-40.01,4.47
1628,kanigoro,92,ID,1544380868.2395132,97,-8.13,112.22,80.47,3.36
3071,kantunilkin,75,MX,1544381121.904178,66,21.1,-87.49,84.2,6.93
1309,kaohsiung,75,TW,1544380809.662517,83,22.62,120.31,69.8,4.7
222,kapaa,75,US,1544380606.445023,68,22.08,-159.32,71.96,24.16
607,kapuskasing,90,CA,1544380677.1157792,79,49.42,-82.43,19.4,9.17
84,karasjok,90,NO,1544380580.00001,92,69.47,25.52,23.0,9.17
783,kargasok,76,RU,1544380711.9397361,69,59.06,80.87,10.22,5.93
598,karlskoga,44,SE,1544380675.6137972,91,59.33,14.52,33.8,10.29
676,karratha,12,AU,1544380689.647962,17,-20.74,116.85,93.79,14.76
2094,kasama,80,ZM,1544380950.713778,93,-10.21,31.19,66.61,4.25
6,kasane,0,BW,1544380559.342263,100,-17.8,25.16,68.0,4.7
2958,kasempa,92,ZM,1544381100.934624,100,-13.46,25.83,62.92,3.13
828,katangli,44,RU,1544380720.7354891,95,51.71,143.23,21.7,24.94
1857,katobu,24,ID,1544380910.511307,100,-4.94,122.53,80.2,3.58
108,katsuura,68,JP,1544380584.510079,100,33.93,134.5,38.48,5.93
1011,kattivakkam,40,IN,1544380754.728915,78,13.22,80.32,77.0,8.61
423,kaura namoda,0,NG,1544380644.290859,31,12.59,6.58,76.33,8.39
763,kavaratti,0,IN,1544380708.461695,99,10.57,72.64,84.88,7.05
30,kavieng,92,PG,1544380566.0668612,100,-2.57,150.8,85.1,3.69
2308,kayanga,76,TZ,1544380988.159675,100,-1.53,31.15,64.27,2.13
1833,kem,88,UG,1544380906.723671,96,2.68,33.77,65.8,2.8
675,ken caryl,1,US,1544380689.529511,40,39.58,-105.11,43.88,4.7
1550,ketchikan,90,US,1544380855.136173,82,55.34,-131.65,46.04,31.09
3081,khandyga,36,RU,1544381123.487681,66,62.65,135.58,-35.32,2.13
593,kharp,68,RU,1544380674.789647,81,66.82,65.8,8.2,6.71
2315,khartoum,0,SD,1544380989.5296772,17,15.59,32.54,77.0,12.75
75,khasan,0,RU,1544380577.974755,100,42.43,130.64,14.59,11.18
217,khatanga,68,RU,1544380605.5313358,71,71.98,102.47,-10.26,9.95
1307,kholm,88,RU,1544380809.291148,94,57.15,31.18,32.14,10.96
391,kholmogory,90,RU,1544380638.361961,85,64.23,41.65,24.8,13.42
1263,khorinsk,48,RU,1544380800.869324,72,52.16,109.78,-18.09,2.46
2468,kidal,0,ML,1544381017.377847,26,18.44,1.41,68.32,6.38
640,kieta,48,PG,1544380682.464725,98,-6.22,155.63,79.66,3.91
1808,kilindoni,8,TZ,1544380901.0179641,100,-7.91,39.67,84.38,8.5
629,kimbe,68,PG,1544380680.457669,100,-5.56,150.15,80.42,7.72
235,kirakira,24,SB,1544380609.040936,100,-10.46,161.92,83.03,3.91
1700,kirando,80,TZ,1544380882.613611,100,-7.37,30.62,74.03,5.37
2120,kisangani,44,CD,1544380955.734755,93,0.52,25.21,73.58,3.69
1569,kitimat,90,CA,1544380858.444424,100,54.02,-128.69,26.6,3.36
1834,kiunga,76,PG,1544380907.048573,97,-6.12,141.3,73.36,2.68
374,kizilskoye,80,RU,1544380635.562343,78,52.73,58.89,8.29,2.91
1625,klaksvik,36,FO,1544380867.642465,55,62.23,-6.59,35.6,17.22
2770,kloulklubed,75,PW,1544381069.484583,88,7.04,134.26,78.8,4.7
230,kodiak,1,US,1544380608.131362,77,39.95,-94.76,32.0,4.7
1006,kodinar,0,IN,1544380753.738092,56,20.79,70.7,63.28,6.6
1703,kokoda,68,PG,1544380883.173923,98,-8.88,147.74,62.42,0.34
2176,kokopo,64,PG,1544380964.153574,100,-4.34,152.27,81.55,4.81
488,kolokani,0,ML,1544380656.4400692,21,13.58,-8.03,81.23,5.37
144,komsomolskiy,92,RU,1544380591.057787,88,67.55,63.78,17.38,15.43
737,kondoa,88,TZ,1544380703.5321732,97,-4.91,35.78,64.13,2.46
1329,kontagora,0,NG,1544380813.503781,40,10.4,5.47,83.75,4.59
2792,koslan,80,RU,1544381073.4351811,82,63.46,48.9,21.52,6.15
2261,koson,90,UZ,1544380977.86859,100,39.04,65.59,44.6,2.24
166,kot diji,12,PK,1544380595.571306,89,27.34,68.71,60.49,5.26
1785,kota kinabalu,75,MY,1544380897.274591,94,5.98,116.07,78.8,5.82
2240,kozhva,76,RU,1544380974.5457861,80,65.11,57.05,18.46,9.17
695,krasnoborsk,76,RU,1544380693.685097,84,61.56,45.93,21.02,6.04
163,kruisfontein,20,ZA,1544380594.839126,83,-34.0,24.73,64.54,9.51
1067,kuala terengganu,75,MY,1544380764.986142,94,5.33,103.14,78.8,3.36
2500,kudahuvadhoo,80,MV,1544381023.194282,100,2.67,72.89,82.81,10.63
2922,kulhudhuffushi,0,MV,1544381094.7067142,100,6.62,73.07,83.26,3.91
1378,kulykivka,80,UA,1544380824.3437178,98,51.37,31.65,34.21,8.28
1817,kungurtug,0,RU,1544380903.472264,49,50.6,97.53,-33.88,3.91
1698,kununurra,0,AU,1544380882.2835221,88,-15.77,128.74,80.6,4.7
309,kuopio,90,FI,1544380624.418317,93,62.89,27.68,32.0,10.29
1770,kuruman,0,ZA,1544380894.2124338,17,-27.46,23.43,68.32,8.5
528,kurumkan,48,RU,1544380662.554655,76,54.33,110.32,-19.93,1.68
2592,kushiro,0,JP,1544381038.798879,53,43.11,144.15,3.83,6.38
1031,kutum,0,SD,1544380758.360723,28,14.2,24.66,63.91,11.97
128,kyren,0,RU,1544380588.2240489,41,51.68,102.13,-29.47,2.13
3010,kyshtovka,0,RU,1544381111.307138,47,56.56,76.62,-7.6,5.59
3055,la cruz,0,MX,1544381117.860925,54,23.92,-106.89,76.24,2.91
2779,la mina,0,CL,1544381071.163635,28,-34.7,-71.28,82.4,4.7
300,la palma,64,CO,1544380622.829033,88,5.36,-74.39,73.81,2.35
827,la ronge,40,CA,1544380720.5162392,73,55.1,-105.3,23.0,6.93
1185,la tuque,88,CA,1544380786.849656,74,47.44,-72.79,11.53,6.26
1830,labelle,40,US,1544380906.146924,74,26.76,-81.44,78.8,12.75
1474,labuhan,0,ID,1544380840.9733691,98,-2.54,115.51,71.87,0.89
1506,lafiagi,0,NG,1544380846.83565,48,8.85,5.42,84.92,3.36
526,lagoa,0,PT,1544380662.178553,72,37.14,-8.45,60.8,3.36
143,laguna,5,MX,1544380590.936575,38,27.52,-110.01,73.4,6.93
2512,laibin,92,CN,1544381025.1219032,99,23.74,109.23,38.62,9.62
899,lakatoro,80,VU,1544380734.363214,92,-16.11,167.42,78.85,11.74
2433,lamesa,1,US,1544381011.407001,76,32.74,-101.95,38.66,4.81
2480,landerneau,75,FR,1544381019.370666,71,48.45,-4.26,50.0,13.87
2146,lannion,75,FR,1544380959.3976269,81,48.73,-3.46,50.0,19.46
964,lao cai,92,VN,1544380746.21764,100,22.48,103.95,53.47,1.79
1980,las matas de farfan,12,DO,1544380931.276577,54,18.87,-71.52,82.99,7.49
661,lasa,40,CY,1544380686.646697,52,34.92,32.53,66.2,5.82
2518,lasem,56,ID,1544381026.28976,98,-6.99,112.52,80.02,1.9
911,lata,24,IN,1544380736.778072,87,30.78,78.62,28.63,1.9
399,lavrentiya,44,RU,1544380639.4640472,100,65.58,-170.99,15.22,29.75
652,lazaro cardenas,5,MX,1544380684.782273,53,28.39,-105.62,51.8,4.25
2739,lazurne,68,UA,1544381063.630667,88,46.77,34.99,36.68,9.4
99,lebu,20,ET,1544380582.3822532,72,8.96,38.73,59.0,9.17
1590,lekoni,56,GA,1544380862.0450969,89,-1.58,14.26,74.08,2.68
283,leningradskiy,56,RU,1544380618.7143161,100,69.38,178.42,-3.96,25.05
1028,lensk,56,RU,1544380757.947123,74,60.71,114.91,-11.61,7.16
449,lerwick,40,GB,1544380649.1840231,64,60.15,-1.15,39.2,20.8
1030,les cayes,64,HT,1544380758.2256372,97,18.19,-73.75,82.0,16.78
711,leshukonskoye,80,RU,1544380697.438215,78,64.9,45.76,26.11,8.61
2485,lethem,64,GY,1544381020.252154,45,3.38,-59.8,90.68,17.0
3,levikha,64,RU,1544380558.749907,86,57.58,59.9,11.98,2.46
906,levin,0,NZ,1544380735.6993852,100,-40.62,175.28,51.94,3.36
2698,levittown,1,US,1544381057.2562401,59,40.15,-74.84,37.04,3.8
682,lewiston,1,US,1544380690.923393,61,46.42,-117.02,37.94,13.87
1720,lhokseumawe,68,ID,1544380886.008255,100,5.18,97.15,81.05,1.45
758,lieksa,88,FI,1544380707.61293,85,63.32,30.02,29.89,8.16
1708,lima,0,PE,1544380884.065402,57,-12.06,-77.04,77.0,13.87
700,lincoln,0,GB,1544380695.127637,80,53.23,-0.54,44.6,9.17
2715,linxia,12,CN,1544381059.9270191,63,35.6,103.21,-2.52,0.67
1729,lisakovsk,0,KZ,1544380887.363374,62,52.55,62.49,-13.59,2.68
2337,lishu,0,CN,1544380994.315674,51,43.31,124.32,-9.22,0.67
1320,lithakia,40,GR,1544380811.7518258,81,37.72,20.83,55.4,15.66
184,liverpool,40,GB,1544380598.733672,87,53.41,-2.98,46.4,9.17
1000,lixourion,40,GR,1544380752.560194,76,38.2,20.43,55.4,5.82
970,loa janan,32,ID,1544380747.542068,100,-0.58,117.09,74.89,2.24
2731,lodwar,48,KE,1544381062.4376938,76,3.12,35.6,72.32,6.93
185,lompoc,1,US,1544380598.864759,81,34.64,-120.46,60.98,3.69
90,longyearbyen,40,NO,1544380580.9261289,62,78.22,15.63,23.0,12.75
221,lorengau,48,PG,1544380606.31695,98,-2.02,147.27,84.83,8.61
133,los llanos de aridane,0,ES,1544380589.057185,77,28.66,-17.92,68.0,5.82
2769,loukhi,92,RU,1544381069.168952,85,66.08,33.04,30.02,7.16
567,loviisa,90,FI,1544380670.039531,100,60.46,26.23,33.8,10.29
2472,luanda,75,AO,1544381018.192199,78,-8.83,13.24,78.8,8.05
1671,luau,92,CD,1544380876.90323,100,-10.7,22.23,65.98,3.24
880,lubao,40,PH,1544380731.262402,83,14.94,120.6,78.8,4.7
177,luderitz,0,NA,1544380597.535858,67,-26.65,15.16,63.55,25.39
1349,ludhiana,76,IN,1544380816.620119,85,30.91,75.85,51.67,2.8
637,lufilufi,75,WS,1544380682.09312,88,-13.87,-171.6,77.0,17.22
942,lufkin,90,US,1544380742.171198,85,31.34,-94.73,44.06,8.05
19,luganville,92,VU,1544380562.408989,100,-15.51,167.18,80.83,17.22
2813,luis correia,80,BR,1544381077.000192,84,-2.88,-41.67,83.89,10.74
1663,lusambo,48,CD,1544380875.6155531,93,-4.97,23.44,72.55,2.35
533,macas,40,EC,1544380663.515624,65,-2.3,-78.12,77.0,8.05
671,maceio,40,BR,1544380688.359041,58,-9.67,-35.74,86.0,17.22
2544,mackay,20,CA,1544381030.226581,72,53.65,-115.58,17.6,3.36
3014,madaoua,0,NE,1544381111.938477,27,14.07,5.96,77.05,9.51
2956,madimba,20,CM,1544381100.5944839,88,4.42,9.93,80.6,6.82
1558,madison heights,1,US,1544380856.647111,45,42.49,-83.11,33.98,5.03
2892,mae chan,0,TH,1544381089.321512,100,20.15,99.85,68.0,4.7
170,mae sai,0,MM,1544380596.571136,100,20.44,99.89,68.0,4.7
930,mae sot,8,MM,1544380739.839073,94,16.71,98.57,67.78,2.13
1600,magugu,92,TZ,1544380863.807522,100,-4.02,35.77,62.78,3.24
264,mahebourg,75,MU,1544380614.25709,88,-20.41,57.7,78.8,8.05
2028,mahendranagar,0,IN,1544380939.469054,83,28.02,81.63,47.62,2.13
2360,majene,8,ID,1544380998.239711,100,-3.54,118.97,83.35,7.83
400,makakilo city,1,US,1544380639.701867,63,21.35,-158.09,75.92,8.05
656,makinsk,8,KZ,1544380685.585314,48,52.63,70.42,-8.77,4.81
2493,maldonado,0,UY,1544381022.046975,27,-34.91,-54.96,86.0,9.17
559,malpe,20,IN,1544380668.431752,88,13.35,74.72,80.6,2.24
1176,mama,75,MX,1544380785.097419,66,20.48,-89.36,84.2,8.05
2588,mana,88,RS,1544381038.1175418,88,43.52,20.24,37.4,8.05
3038,manaus,40,BR,1544381115.330903,62,-3.13,-59.98,87.8,6.93
2603,mandalgovi,44,MN,1544381040.782112,59,45.76,106.27,-9.67,12.19
1198,mangai,88,CD,1544380789.453147,98,-4.07,19.59,71.42,1.68
417,manggar,8,ID,1544380643.27345,100,-2.88,108.27,74.26,1.45
2812,mangrul pir,36,IN,1544381076.6949918,68,20.31,77.34,73.22,11.41
2009,maniitsoq,12,GL,1544380935.855148,100,65.42,-52.9,6.4,7.38
478,manokwari,64,ID,1544380654.4797812,100,-0.87,134.08,78.22,5.14
556,manono,48,CD,1544380667.85808,98,-7.3,27.4,67.96,4.59
1712,manta,56,RO,1544380884.677304,81,45.1,24.1,25.93,2.13
357,manzanillo,0,CU,1544380632.304992,100,20.34,-77.12,80.74,1.9
2887,maple creek,0,CA,1544381088.436469,61,49.91,-109.46,7.93,4.14
278,mar del plata,44,AR,1544380618.077655,30,-46.43,-67.52,78.58,10.63
2951,maraba,75,BR,1544381099.878508,70,-5.35,-49.1,86.0,2.24
681,maragogi,8,BR,1544380690.619224,71,-9.01,-35.22,85.87,11.97
1886,marand,75,IR,1544380915.569859,86,38.43,45.77,39.2,2.24
2252,marathon,75,CA,1544380976.26595,73,48.72,-86.38,23.0,3.36
246,marawi,0,PH,1544380611.025436,100,8.0,124.29,63.82,3.02
2032,mareeba,75,AU,1544380940.1640599,100,-16.99,145.42,75.2,25.28
350,marevo,90,BA,1544380631.055326,86,43.57,18.7,41.0,1.12
2537,marfino,90,RU,1544381029.1571908,92,56.07,37.56,26.6,8.95
115,margate,40,AU,1544380585.822113,93,-43.03,147.26,53.6,4.7
789,marienburg,20,DE,1544380713.091323,81,52.12,9.98,44.6,17.22
1053,marly,75,FR,1544380761.8821309,87,50.34,3.55,44.6,10.29
2311,marmande,75,FR,1544380988.738847,93,44.5,0.16,53.6,10.29
486,marsa matruh,0,EG,1544380656.100576,59,31.35,27.25,62.6,5.82
2640,marsaxlokk,40,MT,1544381046.7496169,72,35.84,14.54,60.8,23.04
1296,marshall,1,US,1544380807.6060202,66,39.39,-87.69,35.96,8.05
167,martapura,20,ID,1544380595.697819,100,-3.41,114.85,77.5,3.02
1581,marzuq,0,YE,1544380860.31713,39,14.4,46.47,57.52,4.03
881,masiga,24,PH,1544380731.4775538,98,13.36,121.83,81.28,13.65
891,mason city,1,US,1544380732.953723,84,43.15,-93.2,28.4,11.41
2660,masuguru,44,MZ,1544381050.8412778,58,-11.38,38.46,86.86,13.53
67,matadi,88,CD,1544380575.9391968,98,-5.83,13.46,75.34,3.69
1567,matagami,0,NG,1544380858.100112,44,9.67,8.4,73.58,6.15
446,matane,90,CA,1544380648.726954,66,48.83,-67.52,10.4,4.7
1092,matara,20,PE,1544380770.359505,51,-13.74,-72.9,60.8,16.11
21,mataura,92,NZ,1544380562.9640782,89,-46.19,168.86,49.82,4.36
354,mathbaria,0,BD,1544380631.643915,92,22.29,89.96,62.65,3.91
1505,matiri,32,UG,1544380846.599013,94,0.58,30.76,60.53,2.91
365,maues,48,BR,1544380634.107913,75,-3.38,-57.72,84.97,3.8
3005,maumere,64,ID,1544381109.792447,100,-8.63,122.22,82.9,3.69
444,maun,20,BW,1544380648.2337768,31,-19.99,23.42,89.6,3.36
406,mayo,90,CA,1544380641.2619011,55,63.59,-135.9,39.2,16.11
308,mayumba,80,GA,1544380624.2870011,99,-3.44,10.65,77.86,6.38
2595,mazagao,75,BR,1544381039.356286,63,-0.12,-51.29,91.4,11.41
1909,mazyr,0,BY,1544380919.409753,92,52.05,29.27,30.34,11.41
2201,mbandaka,32,CD,1544380967.949833,89,0.05,18.26,75.97,2.57
2857,mbekenyera,36,TZ,1544381083.557378,71,-10.0,38.98,78.94,5.59
456,mehamn,90,NO,1544380650.061186,92,71.03,27.85,32.0,4.7
625,melo,0,UY,1544380679.8752818,40,-32.37,-54.17,85.69,12.86
1212,menongue,64,AO,1544380791.682594,30,-14.66,17.68,80.74,3.91
38,merauke,48,ID,1544380567.5524428,100,-8.49,140.4,78.85,9.28
1418,mercedes,68,UY,1544380831.889426,46,-33.25,-58.03,80.47,9.95
2161,merrill,1,US,1544380961.6957052,96,42.03,-121.6,28.94,3.58
1025,meulaboh,64,ID,1544380757.3697422,100,4.14,96.13,79.84,3.13
1326,middlebury,1,US,1544380812.853112,60,44.01,-73.17,31.1,13.87
2478,mikhaylov,88,RU,1544381019.0354948,97,54.23,39.03,31.24,13.31
654,mikuni,75,JP,1544380685.143399,100,36.22,136.15,33.8,3.36
3073,miles city,1,US,1544381122.2549171,83,46.41,-105.84,17.06,8.05
2362,millinocket,90,US,1544380998.490175,54,45.66,-68.71,19.94,5.14
838,miloslavskoye,92,RU,1544380722.9296331,95,53.58,39.44,31.06,14.65
811,mina,56,PH,1544380717.2412632,90,10.93,122.57,76.15,9.28
870,minna,36,NG,1544380729.077371,57,9.62,6.55,84.38,2.24
787,minot,1,US,1544380712.6785028,55,48.23,-101.3,30.92,11.41
1397,mirabad,0,IR,1544380827.8462012,63,28.27,61.33,36.77,3.13
493,miracema do tocantins,92,BR,1544380657.250599,100,-9.56,-48.4,75.25,6.38
2752,miraflores,36,CO,1544381066.248118,56,5.2,-73.14,65.53,2.46
13,miranda,68,CO,1544380560.770475,99,3.25,-76.23,63.37,1.57
1208,mirnyy,92,RU,1544380791.09107,94,56.57,36.46,28.4,10.96
569,mishkino,75,RU,1544380670.538543,100,56.22,46.62,24.8,8.95
1504,misratah,92,LY,1544380846.375921,93,32.38,15.09,64.36,19.24
3057,mitsamiouli,20,KM,1544381118.682509,74,-11.38,43.28,82.4,8.05
2102,mmabatho,0,ZA,1544380952.233106,13,-25.85,25.61,78.8,9.17
1519,mnogovershinnyy,12,RU,1544380849.586255,69,53.94,139.92,1.67,7.94
1723,mo i rana,75,NO,1544380886.4759848,86,66.32,14.15,30.2,6.93
2442,moanda,88,CD,1544381013.014496,94,-5.93,12.38,76.6,3.13
1075,mogadishu,20,SO,1544380766.640667,99,2.04,45.34,81.23,18.12
1820,mogzon,20,RU,1544380903.935204,31,51.74,111.97,-23.13,2.68
1353,mokhsogollokh,56,RU,1544380818.3956559,60,61.4,128.95,-20.7,3.91
863,mongagua,20,BR,1544380727.816316,53,-24.09,-46.62,78.8,10.29
2397,monrovia,75,LR,1544381005.228333,79,6.33,-10.8,84.2,3.36
168,monte alegre,20,BR,1544380596.203156,72,-2.0,-54.07,85.87,3.47
2020,monte santo,36,BR,1544380937.953558,77,-10.44,-39.33,80.42,4.92
1555,montegranaro,20,IT,1544380855.971798,62,43.23,13.63,51.8,3.36
1417,moog,0,PH,1544380831.575915,100,8.6,124.47,78.62,3.91
664,moranbah,76,AU,1544380687.217648,75,-22.0,148.04,72.05,14.76
2317,morbegno,75,IT,1544380989.861953,92,46.13,9.57,46.4,6.93
1591,moree,0,AU,1544380862.3548338,60,-29.46,149.84,71.6,12.75
554,moron,8,VE,1544380667.4967208,50,10.49,-68.2,85.24,4.7
1015,morondava,56,MG,1544380755.480562,82,-20.3,44.28,83.48,4.92
579,mosetse,76,BW,1544380672.25579,44,-20.64,26.64,83.03,3.02
1106,moshny,88,UA,1544380772.9071932,100,49.52,31.74,34.39,7.16
1085,mosquera,40,CO,1544380768.4493241,42,4.71,-74.23,68.0,8.05
25,mount gambier,75,AU,1544380564.9967659,93,-37.83,140.78,50.0,6.93
277,mount isa,0,AU,1544380617.957834,37,-20.73,139.49,86.0,10.29
1294,mpika,80,ZM,1544380807.026367,93,-11.84,31.4,67.15,4.25
3075,mpongwe,76,ZM,1544381122.621863,90,-13.51,28.16,70.25,4.7
497,mubi,0,NG,1544380657.962633,26,10.27,13.26,73.63,6.38
242,muisne,75,EC,1544380610.327115,74,0.61,-80.02,84.2,8.05
1901,mukhen,68,RU,1544380918.1481721,70,48.19,136.14,-5.94,3.91
2514,mumford,20,GH,1544381025.583957,81,5.26,-0.76,82.58,10.29
2486,murgab,75,TM,1544381020.779812,87,37.5,61.97,48.2,4.7
817,muros,0,ES,1544380718.1871822,93,42.77,-9.06,53.6,9.17
1528,muroto,68,JP,1544380851.386893,100,33.37,134.14,38.89,9.17
465,murray,90,US,1544380651.8074172,92,40.67,-111.89,35.06,10.29
1221,mustasaari,92,FI,1544380793.514024,93,63.17,21.67,37.4,12.75
1562,mwense,100,ZM,1544380857.358217,100,-10.39,28.7,65.98,4.14
267,mwinilunga,92,ZM,1544380614.852969,96,-11.73,24.43,65.48,2.68
79,myanaung,44,MM,1544380578.8350148,100,18.28,95.32,71.42,4.36
718,naas,20,IE,1544380698.649568,93,53.22,-6.66,42.8,14.99
849,nabire,80,ID,1544380725.4642959,100,-3.36,135.5,66.83,0.67
844,nachingwea,36,TZ,1544380724.361701,71,-10.37,38.76,78.94,5.59
322,nago,0,IT,1544380626.6991549,86,45.88,10.89,42.8,3.36
954,nagorsk,68,RU,1544380744.3497448,91,59.32,50.8,22.24,7.72
1027,najran,20,SA,1544380757.6259992,36,17.54,44.22,75.2,5.93
226,naliya,0,IN,1544380607.4958541,85,23.26,68.83,68.14,8.5
1681,nalut,0,LY,1544380879.215173,88,31.86,10.98,46.85,1.9
2218,namanga,36,KE,1544380970.70539,90,-2.55,36.79,63.5,4.25
1866,namanyere,92,TZ,1544380911.935346,100,-7.51,31.05,62.74,2.57
790,namatanai,80,PG,1544380713.214781,100,-3.66,152.44,83.89,5.03
244,namibe,0,AO,1544380610.671824,100,-15.19,12.15,71.65,7.16
955,namie,0,JP,1544380744.587133,100,37.52,140.86,38.35,13.2
918,namikupa,80,MZ,1544380737.998324,68,-10.84,39.63,82.0,9.51
945,nampula,20,MZ,1544380742.6422458,66,-15.12,39.26,86.0,6.93
409,nanakuli,40,US,1544380641.942801,76,21.39,-158.15,75.92,5.82
1527,nanlong,68,CN,1544380851.166956,92,31.35,106.05,37.27,4.92
248,nanortalik,68,GL,1544380611.4032168,91,60.14,-45.24,27.68,10.74
239,nantucket,1,US,1544380609.838272,47,41.28,-70.1,33.98,9.17
794,nara,75,JP,1544380714.21194,70,34.68,135.8,42.8,6.93
207,narsaq,32,GL,1544380603.612737,63,60.91,-46.05,7.57,3.36
39,naryan-mar,68,RU,1544380567.85808,83,67.67,53.09,20.3,14.2
748,natal,40,BR,1544380705.98861,62,-5.81,-35.21,87.8,13.87
1867,natitingou,0,BJ,1544380912.169176,22,10.31,1.38,80.6,4.7
139,nazarovo,24,RU,1544380590.240889,77,56.01,90.42,-0.81,9.28
2669,nazas,0,MX,1544381052.723763,47,25.22,-104.11,57.38,3.8
284,naze,48,NG,1544380618.837285,97,5.43,7.07,74.53,6.6
2351,ndioum,0,SN,1544380996.787987,23,16.51,-14.65,87.8,6.15
452,necochea,80,AR,1544380649.574997,61,-38.55,-58.74,77.27,12.64
2503,neftegorsk,76,RU,1544381023.6682959,92,52.8,51.16,24.22,6.93
1742,negombo,56,LK,1544380889.7969532,83,7.21,79.83,77.0,5.82
1138,neiafu,75,TO,1544380778.008555,83,-18.65,-173.98,71.6,16.44
1825,nelson bay,0,AU,1544380904.984561,93,-32.72,152.14,60.8,4.7
1310,nemuro,12,JP,1544380809.8874052,100,43.32,145.57,29.3,25.72
3035,nenjiang,0,CN,1544381114.875799,56,49.17,125.23,-19.53,4.25
2454,nerchinskiy zavod,0,RU,1544381014.8982232,57,51.31,119.61,-33.84,2.35
315,neryungri,64,RU,1544380625.5575402,59,56.66,124.71,-14.58,11.63
345,neuquen,20,AR,1544380630.267141,22,-38.95,-68.06,80.6,13.87
255,new norfolk,40,AU,1544380612.898722,93,-42.78,147.06,53.6,4.7
1429,newtownards,92,GB,1544380833.957479,87,54.59,-5.69,44.6,4.7
3088,ngunguru,0,NZ,1544381124.663522,100,-35.62,174.5,60.94,17.0
2597,nichinan,88,JP,1544381039.702854,100,31.65,131.31,44.33,6.82
3061,nigde,32,TR,1544381119.419214,79,37.97,34.68,20.44,2.01
70,nikolskoye,40,RU,1544380576.3098922,86,59.7,30.79,30.2,13.42
631,nioro,0,GM,1544380680.79115,27,13.79,-15.05,90.82,4.25
1116,niquero,0,CU,1544380774.52302,88,20.04,-77.58,83.44,11.18
2274,nishihara,75,JP,1544380981.127811,48,35.74,139.53,44.6,14.99
658,nisia floresta,40,BR,1544380686.064801,62,-6.09,-35.21,87.8,13.87
746,nizhnyaya tavda,24,RU,1544380705.520208,67,57.67,66.17,-0.45,3.13
1879,nogliki,44,RU,1544380914.409135,95,51.8,143.14,21.7,24.94
2582,nokaneng,0,BW,1544381036.903222,18,-19.66,22.19,86.0,8.05
686,nome,90,US,1544380691.738276,74,30.04,-94.42,48.92,12.75
2948,norden,20,DE,1544381099.3127701,70,53.59,7.21,44.6,13.87
324,norman wells,75,CA,1544380626.94391,92,65.28,-126.83,14.0,4.7
1196,norrtalje,75,SE,1544380789.110688,100,59.76,18.7,41.0,9.17
2636,north bend,90,US,1544381046.090741,86,43.41,-124.22,51.98,6.93
512,north platte,1,US,1544380660.135011,63,41.12,-100.77,30.92,10.29
2460,northam,20,GB,1544381015.8524969,87,51.04,-4.21,48.2,10.29
1918,noshiro,48,JP,1544380920.9321442,100,40.21,140.05,38.44,29.19
502,nouadhibou,0,MR,1544380658.579284,42,20.93,-17.03,77.72,1.68
1469,nouakchott,0,MR,1544380840.1541078,8,18.08,-15.98,87.8,9.17
1142,noumea,0,NC,1544380778.7339551,82,-22.28,166.46,66.2,3.36
2208,nova borova,64,UA,1544380969.288456,92,50.69,28.64,33.04,11.74
2685,novikovo,56,UA,1544381055.291908,100,45.05,34.56,38.57,6.6
3115,novo aripuana,24,BR,1544381128.6391912,59,-5.12,-60.38,90.37,2.91
735,novo horizonte,68,BR,1544380702.91057,83,-12.81,-42.17,72.82,11.74
747,novyy urengoy,76,RU,1544380705.7448142,85,66.08,76.63,14.23,8.28
1666,nurobod,90,UZ,1544380876.095414,100,40.91,69.8,46.4,2.8
1393,nuuk,75,GL,1544380826.986856,78,64.17,-51.74,15.8,13.87
204,nyurba,24,RU,1544380603.204022,43,63.29,118.35,-27.18,5.37
340,obihiro,20,JP,1544380629.4265542,63,42.92,143.2,6.08,6.49
608,ocampo,92,PH,1544380677.3533912,100,13.56,123.37,73.85,5.48
2833,ocean city,90,US,1544381079.819326,87,30.44,-86.61,51.98,13.87
1895,ohara,92,JP,1544380917.1839209,95,35.12,135.83,40.37,6.71
2471,okha,32,RU,1544381017.948818,88,53.59,142.95,19.0,20.69
231,okhotsk,36,RU,1544380608.441634,100,59.36,143.24,4.15,7.94
49,ola,0,RU,1544380570.820398,100,59.58,151.3,9.28,16.78
2306,oleksandrivka,32,UA,1544380987.805492,95,48.97,32.24,32.68,7.38
3056,onega,80,RU,1544381118.158644,95,63.91,38.09,25.93,14.2
1325,opuwo,0,NA,1544380812.690078,15,-18.06,13.84,72.64,8.95
915,orange cove,90,US,1544380737.402988,100,36.62,-119.31,51.08,5.82
189,oranjemund,0,ZA,1544380600.044999,95,-28.55,16.43,63.37,19.35
2782,orchard homes,1,US,1544381071.7619982,88,46.86,-114.05,17.96,3.36
1969,ornskoldsvik,90,SE,1544380929.497293,100,63.29,18.72,37.4,8.05
1428,ossora,0,RU,1544380833.72864,100,59.24,163.07,-11.38,8.28
9,ostrovnoy,80,RU,1544380559.889418,94,68.05,39.51,26.47,15.77
2750,osypenko,90,UA,1544381065.3120902,93,48.04,34.39,37.4,6.71
1283,ottumwa,1,US,1544380804.7687721,76,41.02,-92.41,28.4,4.59
2886,ouadda,12,CF,1544381088.211184,73,8.07,22.4,72.37,2.46
2164,ouidah,20,BJ,1544380962.292918,79,6.37,2.09,84.2,6.93
485,oum hadjer,0,TD,1544380655.970283,24,13.3,19.7,74.53,8.61
2267,oussouye,0,SN,1544380978.813965,66,12.49,-16.54,87.8,2.24
2828,owando,56,CG,1544381078.9666061,91,-0.49,15.91,75.47,2.13
1734,oyon,36,PE,1544380888.314922,22,-10.67,-76.77,68.18,4.25
2312,paamiut,44,GL,1544380988.960226,100,61.99,-49.67,28.18,6.82
1216,pacific grove,1,US,1544380792.4232,68,36.62,-121.92,55.04,2.57
1004,pacifica,90,US,1544380753.297377,86,37.61,-122.49,51.98,8.05
1623,padang,32,ID,1544380867.290528,100,-0.92,100.36,82.18,1.79
389,padilla,68,CO,1544380638.012854,99,3.23,-76.31,63.37,1.57
1632,pak phanang,92,TH,1544380868.8203049,100,8.35,100.2,78.58,3.24
117,palmer,20,AU,1544380586.067489,72,-34.85,139.16,59.0,11.41
953,palora,75,EC,1544380744.097119,61,-1.7,-77.97,80.6,4.7
2541,panama city,75,US,1544381029.7370272,82,30.16,-85.65,55.4,13.87
2574,pandan,80,PH,1544381035.6983838,98,11.72,122.09,81.95,19.91
3118,pangai,40,TO,1544381129.111382,73,-19.8,-174.35,73.4,5.82
52,pangnirtung,5,CA,1544380571.2081,69,66.15,-65.72,-13.01,4.7
1174,pangody,80,RU,1544380784.630948,84,65.85,74.49,14.5,9.4
1517,panguna,20,PG,1544380848.808966,87,-6.32,155.48,73.58,2.46
1093,panjab,32,AF,1544380770.5997891,100,34.38,67.02,8.47,2.13
1054,pankrushikha,0,RU,1544380762.10737,61,53.83,80.35,-7.29,5.82
1485,parabel,76,RU,1544380842.6217248,78,58.71,81.5,9.46,7.05
1362,paraiso,5,MX,1544380820.473214,45,24.01,-104.61,53.6,6.93
2305,parana,75,BR,1544380987.2040808,70,-7.52,-72.89,86.0,4.7
1704,pareora,92,NZ,1544380883.483168,100,-44.49,171.21,51.49,6.15
594,parintins,56,BR,1544380675.029064,82,-2.63,-56.73,82.72,3.13
1836,pasni,0,PK,1544380907.489991,90,25.26,63.48,76.6,16.55
1105,pathein,56,MM,1544380772.6918988,95,16.78,94.73,72.64,3.13
1983,pauini,24,BR,1544380931.891399,81,-7.71,-67.0,84.2,5.14
879,pavlodar,0,KZ,1544380731.030765,77,52.28,76.96,-0.41,11.18
1621,payakumbuh,56,ID,1544380866.760101,95,-0.23,100.63,70.25,2.13
1580,payo,68,ID,1544380860.017174,93,-3.75,103.64,74.44,0.78
1761,payson,90,US,1544380892.999651,88,40.04,-111.73,33.98,3.36
982,pec,90,DE,1544380749.4417548,81,49.4,12.83,44.6,9.17
437,pedasi,0,PA,1544380646.750714,100,7.53,-80.03,82.36,13.65
1071,pedro juan caballero,0,PY,1544380765.687762,48,-22.55,-55.74,88.7,8.16
1511,peking,75,DE,1544380847.6044312,81,52.08,11.12,42.8,17.22
907,peleduy,80,RU,1544380735.930037,73,59.63,112.75,-11.38,6.6
704,pereslavl-zalesskiy,88,RU,1544380696.022429,91,56.74,38.86,22.96,12.97
342,perth,20,GB,1544380629.880727,90,56.4,-3.43,39.2,5.82
2649,petropavl,0,KZ,1544381048.9731252,59,54.87,69.13,-6.43,4.36
227,petropavlovsk-kamchatskiy,24,RU,1544380607.627462,71,53.05,158.65,3.2,11.18
490,pevek,44,RU,1544380656.689562,100,69.7,170.27,-9.9,2.57
2408,pezinok,0,SK,1544381007.200525,65,48.29,17.27,46.4,6.93
830,phangnga,20,TH,1544380721.152363,83,8.45,98.53,78.8,3.13
2310,phetchabun,44,TH,1544380988.507551,92,16.42,101.16,67.78,3.58
450,phuket,20,TH,1544380649.320438,83,7.89,98.4,78.8,12.41
1042,pierre,1,US,1544380760.1805341,65,44.37,-100.35,24.98,11.41
1521,pijijiapan,0,MX,1544380850.199847,55,15.69,-93.21,86.5,2.13
1237,pimentel,44,BR,1544380796.438213,61,-3.7,-45.5,89.87,4.14
1139,pinawa,20,CA,1544380778.234378,88,50.15,-95.88,6.13,6.26
2908,pinsk,80,BY,1544381091.9890869,97,52.11,26.1,37.72,14.09
2706,pirgos,40,GR,1544381058.493887,82,35.12,25.72,59.0,6.93
364,pisco,0,PE,1544380633.9876878,30,-13.71,-76.2,71.6,10.29
2609,pitimbu,40,BR,1544381041.7694778,62,-7.47,-34.81,86.0,12.75
1927,pitkyaranta,92,RU,1544380922.227127,90,61.57,31.48,29.57,12.86
2298,playas,0,EC,1544380985.920269,78,-2.64,-80.39,83.35,6.71
199,plettenberg bay,0,ZA,1544380602.2744188,97,-34.05,23.37,64.0,13.76
1061,plotnikovo,8,RU,1544380763.500237,83,55.04,83.4,-9.41,2.24
2740,plouzane,75,FR,1544381063.860963,71,48.38,-4.62,50.0,13.87
394,pochutla,40,MX,1544380638.8484101,66,15.74,-96.47,86.0,5.82
1529,point pedro,24,LK,1544380851.508565,98,9.82,80.23,80.2,12.64
522,pokhvistnevo,80,RU,1544380661.674355,94,53.65,52.12,24.53,5.37
1253,polunochnoye,0,RU,1544380799.141661,60,60.87,60.43,1.81,2.68
142,ponta delgada,20,PT,1544380590.81471,82,37.73,-25.67,64.4,12.75
307,ponta do sol,36,BR,1544380624.070598,47,-20.63,-46.0,79.93,12.08
1802,pontianak,24,ID,1544380900.090676,99,-0.02,109.34,78.13,3.8
1479,poquoson,90,US,1544380841.786041,88,37.12,-76.35,44.96,16.11
97,porosozero,92,RU,1544380582.136645,85,62.72,32.71,26.33,6.93
214,port alfred,92,ZA,1544380605.048265,94,-33.59,26.89,66.79,9.62
2204,port augusta,40,AU,1544380968.516578,82,-32.49,137.76,62.6,12.75
531,port blair,68,IN,1544380663.076697,100,11.67,92.75,78.8,7.16
66,port elizabeth,1,US,1544380575.7134058,58,39.31,-74.98,35.06,4.7
256,port hardy,75,CA,1544380613.018715,93,50.7,-127.42,44.6,4.7
769,port hawkesbury,90,CA,1544380709.602688,78,45.62,-61.36,15.8,13.87
677,port hedland,80,AU,1544380689.8639371,66,-20.31,118.58,84.2,6.93
443,port keats,0,AU,1544380648.021056,93,-14.25,129.55,81.95,4.7
206,port lincoln,0,AU,1544380603.486408,100,-34.72,135.86,58.28,11.63
925,port macquarie,0,AU,1544380738.986243,93,-31.43,152.91,62.6,3.36
648,port said,0,EG,1544380684.100127,46,25.34,30.55,53.83,8.05
1680,port-cartier,75,CA,1544380878.9179142,55,50.03,-66.88,10.4,4.7
500,port-gentil,40,GA,1544380658.331091,79,-0.72,8.78,84.2,9.17
40,portland,90,US,1544380568.3492029,61,45.52,-122.67,41.0,17.22
1459,portlethen,0,GB,1544380838.402818,80,57.05,-2.13,35.6,5.82
636,porto nacional,92,BR,1544380681.814469,100,-10.7,-48.41,77.9,4.92
985,portobelo,40,PA,1544380749.907188,74,9.55,-79.65,86.0,6.93
1355,portoferraio,5,IT,1544380818.828392,66,42.81,10.31,59.0,34.45
2358,pouebo,36,NC,1544380997.899541,83,-20.4,164.57,74.53,12.75
370,poum,24,MK,1544380634.710908,83,41.28,20.71,27.23,1.9
2393,powell,1,US,1544381003.436864,69,40.16,-83.08,32.0,4.7
1959,prado,100,BR,1544380927.66146,100,-17.34,-39.22,75.2,22.26
765,praia,75,BR,1544380708.7931478,60,-20.25,-43.81,71.6,9.17
1883,praia da vitoria,40,PT,1544380915.113742,88,38.73,-27.07,64.4,21.14
2621,pratapgarh,0,IN,1544381043.447173,85,25.92,82.0,55.36,2.68
457,presidencia roque saenz pena,32,AR,1544380650.279839,51,-26.79,-60.44,90.1,10.74
1795,priiskovyy,0,RU,1544380899.015261,0,51.93,116.63,-36.72,2.35
2708,primorsk,92,RU,1544381058.885449,94,60.37,28.62,34.25,10.29
1839,prince rupert,90,CA,1544380907.860513,81,54.32,-130.32,46.4,16.11
2379,progreso,0,UY,1544381001.3597739,23,-34.68,-56.22,86.0,9.17
238,providencia,40,CO,1544380609.720798,41,1.24,-77.6,77.0,14.99
219,provideniya,44,RU,1544380605.942679,100,64.42,-173.23,15.35,20.8
1948,pucallpa,75,PE,1544380925.5905359,331,-8.38,-74.54,35.6,4.7
2972,pudozh,92,RU,1544381104.343324,85,61.81,36.54,22.73,13.42
2851,pueblo,1,US,1544381082.5828109,44,38.25,-104.61,39.92,4.7
202,puerto ayora,20,EC,1544380602.867881,61,-0.74,-90.35,80.6,12.75
550,puerto baquerizo moreno,75,EC,1544380666.611362,65,-0.9,-89.6,78.8,11.41
1404,puerto carreno,40,CO,1544380829.0353842,52,6.19,-67.49,91.4,6.93
2410,puerto del rosario,0,ES,1544381007.545759,88,28.5,-13.86,68.0,9.17
1388,puerto escondido,20,MX,1544380825.9693499,70,15.86,-97.07,84.2,8.05
529,puerto madero,0,AR,1544380662.826726,61,-34.61,-58.36,82.4,6.93
1019,puerto madryn,24,AR,1544380756.3082082,48,-42.77,-65.04,73.54,12.19
805,puerto narino,75,CO,1544380716.175746,94,-3.77,-70.38,77.0,5.82
116,punta arenas,0,CL,1544380585.942474,27,-53.16,-70.91,62.6,28.86
1512,puntarenas,20,CR,1544380847.827262,57,9.98,-84.84,78.8,18.34
2187,puri,88,ID,1544380965.900602,98,-7.54,112.45,72.01,2.8
18,pushkino,90,RU,1544380561.878997,92,56.01,37.85,26.6,8.95
224,putina,20,PE,1544380606.819181,15,-14.91,-69.87,68.0,10.29
169,qaanaaq,44,GL,1544380596.3379562,94,77.48,-69.36,-4.95,11.97
494,qaqortoq,0,GL,1544380657.371965,95,60.72,-46.03,26.02,9.51
779,qasigiannguit,75,GL,1544380711.261368,60,68.82,-51.19,10.4,10.29
904,qingdao,0,CN,1544380735.2799559,68,36.09,120.35,26.6,4.47
137,qostanay,0,KZ,1544380589.78001,83,53.17,63.58,-5.81,4.47
853,quatre cocos,75,MU,1544380726.168999,88,-20.21,57.76,78.8,8.05
1175,quelimane,75,MZ,1544380784.848684,83,-17.88,36.89,78.8,2.24
2998,raahe,64,FI,1544381108.644458,97,64.68,24.47,33.8,14.99
397,rapid valley,1,US,1544380639.2143302,55,44.06,-103.15,35.6,19.46
2481,ratnagiri,0,IN,1544381019.66749,100,16.98,73.3,80.02,12.86
645,raudeberg,75,NO,1544380683.639811,80,61.99,5.14,39.2,11.41
310,rawson,44,AR,1544380624.667746,30,-43.3,-65.11,77.18,14.99
1374,redcliffe,75,GB,1544380823.636662,93,51.45,-2.59,48.2,14.99
2551,redding,90,US,1544381031.4208598,88,40.59,-122.39,44.96,2.35
2753,rehoboth,0,NA,1544381066.658549,18,-23.31,17.08,70.48,7.16
2497,remetea chioarului,40,RO,1544381022.626058,80,47.53,23.55,39.2,3.36
138,reoti,0,IN,1544380590.017111,83,25.85,84.38,53.02,2.68
111,requena,0,ES,1544380585.086646,71,39.49,-1.1,62.6,8.05
565,revda,68,RU,1544380669.681004,75,67.94,34.55,20.08,3.58
2290,ribeira brava,75,PT,1544380984.828104,68,32.65,-17.07,64.4,4.7
150,ribeira grande,40,PT,1544380591.956206,93,38.52,-28.7,64.4,13.87
1195,riberalta,75,BO,1544380788.8898811,62,-11.0,-66.08,89.6,6.93
2772,ribnitz-damgarten,75,DE,1544381069.832282,75,54.24,12.43,44.6,25.28
1182,richards bay,92,ZA,1544380786.252264,100,-28.77,32.06,67.87,11.18
281,rikitea,12,PF,1544380618.465652,96,-23.12,-134.97,78.98,13.09
42,rincon,90,US,1544380569.167914,92,32.3,-81.24,49.46,9.17
775,rio gallegos,0,AR,1544380710.569767,49,-51.62,-69.22,68.0,19.46
1643,rio grande,0,BR,1544380870.7011998,40,-32.03,-52.1,87.8,11.41
2341,riohacha,20,CO,1544380995.165319,49,11.54,-72.91,91.4,17.22
76,rizal,24,PH,1544380578.285505,100,8.53,123.55,72.5,1.57
1194,road town,20,VG,1544380788.673751,55,18.42,-64.62,87.8,9.17
843,roald,40,NO,1544380724.1492229,97,62.58,6.12,41.0,14.99
785,robertsport,0,LR,1544380712.400848,100,6.75,-11.37,83.48,10.74
1738,rocha,8,UY,1544380889.068033,32,-34.48,-54.34,85.6,11.52
1391,rock springs,1,US,1544380826.617365,77,41.59,-109.2,21.92,8.05
348,roebourne,12,AU,1544380630.6548538,17,-20.77,117.15,93.79,14.76
1987,rognan,75,NO,1544380932.640806,92,67.1,15.4,30.2,8.05
1972,rokytne,92,UA,1544380930.011712,95,51.27,27.23,36.68,13.65
286,rovinj,0,HR,1544380619.3522182,76,45.08,13.64,50.0,12.75
933,rusape,76,ZW,1544380740.5010371,99,-18.53,32.12,62.42,2.57
1306,russell,0,AR,1544380809.061002,48,-33.01,-68.8,74.17,3.47
377,ruteng,8,ID,1544380636.217095,92,-8.61,120.46,71.2,3.13
2929,ryotsu,68,JP,1544381096.150229,100,38.08,138.43,44.6,16.67
1010,sa kaeo,92,TH,1544380754.5034199,70,13.8,102.09,78.4,7.94
243,sabang,92,PH,1544380610.451958,100,13.72,123.58,73.85,5.48
1258,saint anthony,90,US,1544380799.857717,74,43.97,-111.68,28.94,4.25
250,saint george,20,GR,1544380611.6487339,87,39.45,22.34,44.6,5.03
1412,saint-augustin,0,FR,1544380830.642347,81,44.83,-0.61,53.6,12.75
1252,saint-francois,90,FR,1544380798.923884,76,46.42,3.91,50.0,13.87
212,saint-georges,88,CA,1544380604.8052769,76,46.12,-70.67,20.35,7.61
1545,saint-joseph,0,FR,1544380854.279465,58,43.56,6.97,53.6,20.8
178,saint-leu,20,RE,1544380597.852203,69,-21.15,55.28,80.6,2.24
1966,saint-louis,75,CH,1544380929.023672,87,47.59,7.56,46.4,16.11
1368,saint-michel-des-saints,80,CA,1544380822.436096,78,46.68,-73.92,22.82,8.39
2651,saint-paul,92,FR,1544381049.40639,93,45.22,1.9,42.8,12.75
61,saint-philippe,90,CA,1544380573.315305,74,45.36,-73.48,30.2,16.11
818,saint-pierre,75,FR,1544380718.8858728,87,48.95,4.24,48.2,17.22
229,sal rei,0,CV,1544380608.006646,54,16.18,-22.92,80.6,12.75
71,salalah,0,OM,1544380576.433459,65,17.01,54.1,77.0,5.82
233,salamiyah,68,SY,1544380608.7931788,97,35.01,37.05,47.48,2.68
546,saldanha,0,PT,1544380665.862026,92,41.42,-6.55,43.93,2.35
2054,salinopolis,12,BR,1544380944.046381,92,-0.61,-47.36,83.57,11.74
421,samarai,48,PG,1544380643.935522,100,-10.62,150.67,80.83,4.59
2513,samorin,0,SK,1544381025.3462431,65,48.03,17.31,46.4,6.93
2332,san andres,24,PH,1544380993.539695,100,13.32,122.68,81.46,13.76
2614,san carlos de bariloche,40,AR,1544381042.4677792,48,-41.13,-71.31,60.8,28.86
22,san cristobal,75,EC,1544380563.433386,33,-0.39,-78.55,73.4,11.41
1351,san isidro,92,PH,1544380818.015239,95,16.74,121.63,71.74,1.68
190,san javier,0,ES,1544380600.50421,82,37.81,-0.83,60.8,8.05
1088,san jose,12,PH,1544380769.552171,94,15.79,120.99,69.76,2.13
62,san juan,40,PR,1544380574.697779,67,18.47,-66.12,82.94,11.41
2162,san mateo del mar,0,MX,1544380961.912649,91,16.21,-94.98,80.87,34.56
279,san patricio,12,PY,1544380618.2030568,55,-26.98,-56.83,86.41,5.14
1648,san pedro,100,AR,1544380873.1100109,69,-33.68,-59.66,72.64,13.98
2668,san policarpo,76,PH,1544381052.50261,100,12.18,125.51,77.14,6.49
1768,san quintin,0,PH,1544380893.864961,81,17.54,120.52,68.77,4.36
1273,san rafael,0,AR,1544380803.268676,23,-34.61,-68.33,83.71,6.93
1462,san ramon,75,NI,1544380838.971489,83,12.92,-85.84,71.6,18.34
2116,san vicente,40,SV,1544380955.034594,58,13.64,-88.78,87.8,6.93
1360,sandwick,36,GB,1544380819.7947268,98,54.57,-2.89,33.8,9.17
1286,sangar,80,RU,1544380805.431114,59,63.92,127.47,-33.39,3.8
2427,sanguem,48,IN,1544381010.375084,72,15.23,74.14,76.69,1.9
523,santa cruz,1,US,1544380661.795914,82,36.97,-122.03,50.0,2.91
792,santa cruz de la palma,0,ES,1544380713.671226,77,28.68,-17.76,68.0,5.82
557,santa cruz del norte,40,CU,1544380668.075083,66,23.15,-81.92,86.0,12.75
1279,santa isabel do rio negro,92,BR,1544380804.102108,99,-0.41,-65.02,75.25,4.36
2647,santa lucia,20,IT,1544381048.6342971,38,39.93,9.66,60.8,25.28
268,santa maria,80,BR,1544380616.069969,41,-29.69,-53.81,84.34,10.74
254,santa maria do suacui,92,BR,1544380612.640552,96,-18.19,-42.41,63.68,7.05
2781,santo amaro da imperatriz,0,BR,1544381071.535907,39,-27.69,-48.78,80.6,14.99
2797,santo antonio da platina,24,BR,1544381074.2415,61,-23.3,-50.08,82.85,5.48
960,sao domingos do prata,80,BR,1544380745.438449,74,-19.86,-42.97,70.75,7.05
467,sao felix do xingu,56,BR,1544380652.1668322,88,-6.64,-51.99,78.62,2.91
86,sao filipe,0,CV,1544380580.351199,82,14.9,-24.5,79.48,11.41
2873,sao geraldo do araguaia,92,BR,1544381086.0502431,100,-6.4,-48.55,75.61,4.14
17,sao joao da barra,75,BR,1544380561.3729138,53,-21.64,-41.05,77.0,11.41
761,sao joaquim,0,BR,1544380708.106457,37,-28.29,-49.93,74.35,6.26
95,sao jose da coroa grande,8,BR,1544380581.665112,71,-8.9,-35.15,85.87,11.97
1683,sao jose do belmonte,80,BR,1544380879.675444,94,-7.86,-38.76,78.08,4.36
791,sao paulo de olivenca,44,BR,1544380713.449357,72,-3.38,-68.87,85.78,2.8
572,sarangani,0,PH,1544380671.115882,96,5.4,125.46,83.53,19.46
328,saskylakh,8,RU,1544380627.622445,36,71.97,114.09,-24.25,4.59
1179,sasovo,92,RU,1544380785.871145,91,54.35,41.93,23.32,13.42
2835,saurimo,92,AO,1544381080.169687,100,-9.66,20.4,66.07,5.59
103,sawtell,0,AU,1544380583.518517,77,-30.38,153.1,69.8,12.75
3063,sayat,75,TM,1544381119.776271,93,38.78,63.88,42.8,4.14
1961,sayyan,0,YE,1544380928.0060952,49,15.17,44.32,50.27,4.36
147,scarborough,0,GB,1544380591.539029,75,54.28,-0.41,42.8,9.17
1684,schenectady,1,US,1544380879.807351,63,42.81,-73.94,35.96,12.75
2189,scottsbluff,1,US,1544380966.246306,56,41.87,-103.67,37.04,17.22
1171,sechura,0,PE,1544380783.9235468,71,-5.56,-80.82,78.17,10.4
692,segou,0,SN,1544380693.034972,34,12.41,-12.29,93.2,4.7
1375,senador guiomard,40,BR,1544380823.8574011,78,-10.15,-67.74,82.4,4.7
2319,senador pompeu,48,BR,1544380990.2062569,85,-5.58,-39.37,80.33,6.71
232,seoul,0,KR,1544380608.56319,61,37.57,126.98,21.2,3.36
801,sept-iles,75,CA,1544380715.474884,55,50.2,-66.38,10.4,4.7
1188,sergeyevka,0,KZ,1544380787.363887,43,53.88,67.42,-14.04,2.91
266,severo-kurilsk,48,RU,1544380614.59768,100,50.68,156.12,25.21,3.69
37,severo-yeniseyskiy,80,RU,1544380567.327313,58,60.37,93.04,-6.52,3.69
2525,severomuysk,24,RU,1544381027.4588969,46,56.17,113.57,-31.63,1.79
2805,seydi,0,NE,1544381075.446153,31,13.34,7.75,73.4,6.93
2324,shache,68,CN,1544380991.7741141,81,38.42,77.24,16.39,7.27
1733,shelburne,1,CA,1544380888.088346,74,44.08,-80.2,32.0,17.22
306,shenjiamen,100,CN,1544380623.937969,100,29.96,122.3,56.08,9.28
2096,sheridan,1,US,1544380951.141712,40,39.65,-105.03,43.88,4.7
600,sherman,1,US,1544380675.963198,61,33.64,-96.61,46.94,9.17
1437,shimoda,20,JP,1544380835.200406,100,34.7,138.93,50.72,17.9
2062,shingu,80,JP,1544380945.553267,100,33.72,135.99,47.8,12.97
276,shitanjing,48,CN,1544380617.835861,54,39.23,106.34,-8.23,2.35
2732,shizukuishi,76,JP,1544381062.675694,68,39.7,140.98,27.64,7.94
892,shrigonda,68,IN,1544380733.185559,77,18.61,74.7,72.55,4.36
1693,shunyi,0,CN,1544380881.550399,61,40.13,116.65,12.2,2.24
1990,sibolga,88,ID,1544380933.324735,100,1.74,98.78,71.11,1.79
411,siguiri,0,GN,1544380642.3963141,29,11.42,-9.17,84.83,3.91
2268,sijunjung,80,ID,1544380979.193436,97,-0.69,100.95,69.31,1.57
2426,sile,1,US,1544381010.144021,54,35.56,-106.37,42.98,9.17
1994,simiti,0,CO,1544380933.906532,58,7.96,-73.94,88.97,1.01
2759,sinjai,36,ID,1544381067.695362,100,-5.12,120.25,73.36,3.13
96,sinnamary,76,GF,1544380581.9225228,98,5.38,-52.96,79.07,8.5
360,sioux lookout,90,CA,1544380633.197778,92,50.1,-91.92,15.8,5.82
312,sisimiut,0,GL,1544380625.022827,100,66.94,-53.67,-13.32,2.57
57,sisophon,20,KH,1544380572.6492622,67,13.59,102.97,77.77,11.74
752,sistranda,75,NO,1544380706.479811,93,63.73,8.83,35.6,9.17
126,sitka,0,US,1544380587.542269,46,37.17,-99.65,42.94,8.16
947,skegness,0,GB,1544380743.0572119,80,53.14,0.34,44.6,9.17
295,skelleftea,90,SE,1544380621.39506,100,64.75,20.95,33.8,5.82
2179,skibbereen,75,IE,1544380964.626731,81,51.55,-9.27,44.6,10.29
1757,skjervoy,90,NO,1544380892.2120068,92,70.03,20.97,23.0,6.93
902,slave lake,1,CA,1544380734.8322701,85,55.28,-114.77,12.2,8.05
2277,smiltene,68,LV,1544380982.642134,95,57.42,25.9,33.04,10.74
2407,smirnykh,24,RU,1544381006.9802282,67,49.74,142.83,15.76,13.2
1826,smithers,90,CA,1544380905.4702249,79,54.78,-127.17,26.6,3.36
1261,smoky lake,0,CA,1544380800.426304,50,54.11,-112.47,7.48,2.8
800,snasa,75,NO,1544380715.3504581,100,64.25,12.38,30.2,1.12
1860,sobolevo,92,RU,1544380910.8726342,99,54.43,31.9,32.59,8.39
1017,soe,88,EE,1544380755.86398,93,57.91,26.05,35.6,11.41
152,sokoni,68,CD,1544380592.834353,88,-12.89,28.78,71.11,4.59
298,sola,75,NO,1544380621.979912,80,58.89,5.65,42.8,25.28
1925,solenzo,0,BF,1544380921.881663,36,12.18,-4.08,79.7,3.58
2458,solnechnyy,64,RU,1544381015.506984,62,50.72,136.64,-13.27,2.8
87,son la,88,VN,1544380580.568104,100,21.32,103.9,58.55,1.68
2265,soresina,0,IT,1544380978.470468,61,45.29,9.86,50.0,8.05
962,sorland,75,NO,1544380745.872211,100,67.67,12.69,37.4,8.05
2919,sosva,44,RU,1544381094.10235,81,59.17,61.86,12.2,2.46
209,souillac,90,FR,1544380604.015171,81,45.6,-0.6,51.8,10.29
124,soure,90,PT,1544380587.147584,100,40.06,-8.63,55.4,4.7
1797,southbridge,75,US,1544380899.271397,50,42.08,-72.03,35.06,10.29
2635,sovetskiy,88,RU,1544381045.809363,92,56.76,48.47,24.85,5.7
726,soyo,88,AO,1544380700.055068,94,-6.13,12.37,76.6,3.13
1947,springdale,5,US,1544380925.362647,38,36.19,-94.13,41.0,6.93
1912,srandakan,92,ID,1544380919.897197,100,-7.94,110.25,75.16,2.91
530,srednekolymsk,68,RU,1544380662.950342,46,67.46,153.71,-28.71,3.02
1844,srivardhan,0,IN,1544380908.726648,89,18.03,73.02,69.62,6.26
113,stafford,20,GB,1544380585.489714,75,52.81,-2.12,46.4,6.93
518,steamboat springs,90,US,1544380660.961641,80,40.48,-106.83,30.92,3.36
2016,stephenville,90,US,1544380937.2163332,74,32.22,-98.2,44.96,10.29
285,sterling,75,US,1544380619.1054442,66,39.0,-77.4,35.06,4.7
297,stokmarknes,40,NO,1544380621.741195,100,68.56,14.91,32.0,9.17
1936,stralsund,75,DE,1544380923.798866,75,54.31,13.08,44.6,25.28
990,strezhevoy,0,RU,1544380750.816541,72,60.73,77.6,10.4,11.18
2035,sturgeon bay,1,US,1544380940.659749,74,44.83,-87.38,32.0,11.41
1385,suffolk,90,US,1544380825.3050659,94,36.73,-76.58,44.96,11.41
1477,sujiatun,0,CN,1544380841.4446342,69,45.81,127.11,-9.41,4.47
2573,suluq,92,LY,1544381035.428579,67,31.67,20.25,61.93,11.41
2916,sungairaya,8,ID,1544381093.637526,95,0.7,108.9,75.34,2.46
1407,sungurlu,64,TR,1544380829.915211,80,40.17,34.38,31.96,3.91
740,suntar,32,RU,1544380704.240124,36,62.16,117.65,-24.03,5.59
1022,sur,0,OM,1544380756.912562,97,22.57,59.53,76.69,2.57
851,suratgarh,0,IN,1544380725.815679,70,29.32,73.9,60.4,10.4
379,surt,64,LY,1544380636.681159,100,31.21,16.59,63.46,17.45
1824,svetlaya,8,RU,1544380904.7696111,100,46.54,138.33,11.35,20.02
1719,svetlogorsk,48,RU,1544380885.7898839,71,53.14,59.15,5.0,2.91
2342,swan river,0,CA,1544380995.384226,88,52.11,-101.27,21.25,7.83
1730,synya,76,RU,1544380887.594151,82,65.37,58.04,17.74,11.07
1338,tabas,0,IR,1544380814.960642,46,33.6,56.92,50.0,4.7
41,tabou,12,CI,1544380568.579972,100,4.42,-7.36,82.18,12.97
876,tacoronte,0,ES,1544380730.312593,77,28.48,-16.41,69.8,12.75
1560,tak,64,TH,1544380857.009216,99,16.87,99.12,68.72,2.01
939,takoradi,12,GH,1544380741.687482,100,4.89,-1.75,82.85,9.62
705,talaja,0,IN,1544380696.30011,68,21.35,72.04,61.12,3.13
2932,talcahuano,20,CL,1544381096.7292318,64,-36.72,-73.12,69.8,9.17
2522,talladega,90,US,1544381026.992335,100,33.44,-86.11,41.0,6.93
292,talnakh,92,RU,1544380620.403689,74,69.49,88.39,0.23,8.95
14,taltal,0,CL,1544380561.002985,66,-25.41,-70.49,74.62,3.69
2716,tambun,75,MY,1544381060.154221,100,4.62,101.14,75.2,2.24
1452,tanabe,76,JP,1544380837.33903,92,33.73,135.39,41.0,8.16
2276,taoudenni,0,ML,1544380982.294341,27,22.68,-3.98,67.69,7.16
966,tapes,80,BR,1544380746.957936,49,-30.67,-51.4,83.44,7.83
717,tapiramuta,44,BR,1544380698.4081411,69,-11.85,-40.79,81.82,8.28
739,taree,0,AU,1544380704.033674,93,-31.91,152.46,62.6,3.36
1931,tarko-sale,92,RU,1544380922.8921542,85,64.92,77.78,14.45,7.72
301,taseyevo,68,RU,1544380623.057649,76,57.22,94.9,-11.65,2.57
253,tasiilaq,48,GL,1544380612.421108,45,65.61,-37.64,26.6,20.8
2944,tateyama,12,JP,1544381098.6279738,100,36.66,137.31,15.22,1.68
2236,tautira,40,PF,1544380973.814399,88,-17.73,-149.15,77.0,25.28
1406,tavda,36,RU,1544380829.689512,72,58.04,65.27,-2.02,2.91
1183,tawau,75,MY,1544380786.473265,94,4.26,117.89,75.2,3.36
701,tazovskiy,92,RU,1544380695.363277,84,67.47,78.7,14.63,7.38
0,te anau,92,NZ,1544380557.898048,100,-45.41,167.72,46.45,3.36
504,tecoanapa,40,MX,1544380658.917747,66,16.99,-99.26,86.0,4.7
2978,tefe,40,BR,1544381105.202153,94,-3.35,-64.71,77.0,4.7
1128,teguise,0,ES,1544380776.566922,94,29.06,-13.56,68.0,10.29
2487,teguldet,80,RU,1544381021.006047,73,57.31,88.17,0.82,3.8
641,teknaf,0,BD,1544380682.685898,94,20.86,92.31,59.45,3.58
780,tenenkou,0,ML,1544380711.475768,28,14.46,-4.91,79.88,5.59
1811,tera,40,CY,1544380901.674691,52,34.97,32.42,66.2,5.82
1178,terra nova,75,BR,1544380785.648839,79,-12.41,-38.62,84.2,13.87
2382,terrace bay,75,CA,1544381001.882723,73,48.78,-87.1,23.0,3.36
313,tessalit,0,ML,1544380625.1451762,24,20.2,1.01,67.73,5.59
903,tevriz,36,RU,1544380735.0518131,76,57.51,72.4,5.59,5.26
200,texarkana,75,US,1544380602.500139,73,33.44,-94.04,48.02,6.93
931,teya,75,MX,1544380740.072253,66,21.05,-89.07,84.2,8.05
582,tezu,64,IN,1544380672.863559,49,27.93,96.16,52.57,2.01
154,the valley,40,AI,1544380593.188779,61,18.22,-63.06,84.2,14.99
484,thinadhoo,80,MV,1544380655.758307,100,0.53,72.93,82.18,3.47
1501,thohoyandou,100,ZA,1544380845.730657,88,-22.97,30.46,71.6,4.59
2229,thomasville,90,US,1544380972.852722,100,35.88,-80.08,32.36,6.93
34,thompson,75,CA,1544380566.771905,84,55.74,-97.86,3.2,3.36
220,thunder bay,90,CA,1544380606.181168,79,48.41,-89.26,26.6,9.17
463,thurso,80,GB,1544380651.4440908,100,58.6,-3.52,37.4,11.41
1117,tiarei,40,PF,1544380774.6495948,88,-17.53,-149.33,77.0,25.28
755,tigil,80,RU,1544380707.052681,81,57.8,158.67,7.84,2.35
741,tiksi,0,RU,1544380704.452745,0,71.64,128.87,-41.31,5.93
596,tilichiki,20,RU,1544380675.2715662,48,60.47,166.1,-29.88,3.58
135,tinskoy,36,RU,1544380589.4259741,67,56.15,96.92,-15.03,2.91
2713,tinsukia,0,IN,1544381059.574073,83,27.49,95.36,50.0,1.57
552,tiznit,0,MA,1544380667.0454578,86,29.7,-9.73,65.17,3.13
257,tobol,20,SE,1544380613.2338939,100,59.83,12.54,28.4,3.36
2347,tocopilla,8,CL,1544380996.1115892,73,-22.09,-70.2,70.48,6.82
1557,tokur,0,RU,1544380856.4279418,40,53.13,132.9,-27.4,3.8
289,tomakomai,75,JP,1544380619.928413,85,42.65,141.6,19.4,6.93
375,tomatlan,12,MX,1544380635.78548,66,19.93,-105.25,82.99,3.02
259,tommot,76,RU,1544380613.499037,68,58.97,126.27,-16.15,4.14
436,tondano,40,ID,1544380646.53262,94,1.3,124.91,77.0,1.12
2323,tongchuan,56,CN,1544380991.4913862,63,34.9,108.95,26.6,2.24
1781,tongliao,12,CN,1544380896.494569,49,43.61,122.27,-8.5,2.91
714,topolobampo,5,MX,1544380697.83768,60,25.6,-109.05,71.6,12.75
112,torbay,40,CA,1544380585.205437,73,47.66,-52.73,42.8,27.51
2279,tottori,92,JP,1544380983.1102731,100,35.5,134.23,35.74,3.58
784,tougan,0,BF,1544380712.153913,24,13.07,-3.07,79.97,5.93
403,touros,75,BR,1544380640.4902909,66,-5.2,-35.46,87.8,14.99
1008,trairi,92,BR,1544380754.0723531,98,-3.28,-39.27,82.27,12.41
1933,trapani,40,IT,1544380923.31919,77,38.02,12.54,60.8,18.34
31,trat,8,TH,1544380566.2893581,100,12.25,102.51,78.94,5.14
265,trelew,44,AR,1544380614.474108,30,-43.25,-65.31,77.18,14.99
1005,tres coracoes,36,BR,1544380753.516086,49,-21.7,-45.25,77.86,7.83
542,treuchtlingen,90,DE,1544380665.255308,93,48.96,10.91,42.98,13.87
2724,tricase,75,IT,1544381061.462451,87,39.93,18.36,57.2,8.05
2495,trincomalee,56,LK,1544381022.2858372,83,8.58,81.23,77.0,6.15
2790,trinidad,48,UY,1544381073.089847,35,-33.52,-56.9,85.78,12.19
2694,tromso,75,NO,1544381056.6080792,86,69.65,18.96,30.2,9.17
160,tual,64,ID,1544380594.296085,100,-5.67,132.75,84.88,9.62
260,tuatapere,88,NZ,1544380613.621797,100,-46.13,167.69,49.28,4.59
2339,tucupita,80,VE,1544380994.701022,58,9.06,-62.05,87.49,9.4
2023,tucurui,76,BR,1544380938.5148108,82,-3.77,-49.67,80.92,3.13
7,tuktoyaktuk,90,CA,1544380559.468425,84,69.44,-133.03,5.0,9.17
1522,tumen,0,CN,1544380850.4490938,60,42.97,129.84,1.09,4.7
934,tura,0,IN,1544380740.740764,83,25.52,90.21,54.64,2.35
482,turbat,0,PK,1544380655.3939798,68,26.0,63.05,58.06,4.7
1810,turiacu,64,BR,1544380901.444266,85,-5.01,-63.0,83.03,4.36
1033,turochak,0,RU,1544380758.718415,57,52.26,87.12,-12.28,2.35
1611,turukhansk,88,RU,1544380865.1780128,76,65.8,87.96,5.32,9.06
1084,tutoia,80,BR,1544380768.2262511,75,-2.76,-42.27,85.55,11.63
803,tuy hoa,100,VN,1544380715.926475,100,13.08,109.3,74.35,8.84
304,udachnyy,8,RU,1544380623.595175,37,66.42,112.4,-25.33,3.58
2550,ugoofaaru,8,MV,1544381031.196355,100,5.67,73.0,84.02,3.91
65,ukiah,90,US,1544380575.5943282,96,39.15,-123.21,39.92,2.46
657,ulaangom,0,MN,1544380685.821294,50,49.98,92.07,-33.97,2.13
1965,ulladulla,92,AU,1544380928.6016152,100,-35.36,150.48,66.34,8.28
2520,ullal,0,IN,1544381026.637326,88,12.8,74.85,80.6,8.16
1896,umba,92,RU,1544380917.397269,93,66.69,34.34,30.43,10.74
58,umm kaddadah,0,SD,1544380572.7661,27,13.6,26.69,68.45,11.63
1009,umm lajj,0,SA,1544380754.295867,100,25.02,37.27,65.62,10.07
236,upernavik,48,GL,1544380609.1609821,100,72.79,-56.15,8.33,4.81
28,uralets,76,RU,1544380565.721886,88,57.66,59.65,15.49,2.57
106,uray,80,RU,1544380584.2643058,88,60.13,64.8,17.87,3.13
10,urubicha,20,BO,1544380560.107968,51,-15.63,-63.08,93.34,3.58
1598,uruzgan,12,AF,1544380863.3201768,67,32.93,66.63,16.57,0.89
213,ushuaia,75,AR,1544380604.927264,41,-54.81,-68.31,60.8,11.41
2894,usinsk,76,RU,1544381089.739543,86,66.0,57.56,18.19,13.09
812,ust-karsk,0,RU,1544380717.4516091,59,52.71,118.82,-34.38,2.46
2491,ust-koksa,0,RU,1544381021.697844,43,50.27,85.62,-17.77,1.9
2019,ust-kuyga,32,RU,1544380937.689986,0,70.0,135.55,-40.63,2.91
956,ust-maya,48,RU,1544380744.837769,44,60.42,134.54,-27.85,2.57
129,ust-nera,0,RU,1544380588.435798,0,64.57,143.24,-43.83,1.68
2057,ust-tsilma,80,RU,1544380944.516592,77,65.44,52.15,21.79,6.93
591,ustka,88,PL,1544380674.299846,96,54.58,16.86,44.38,14.32
1055,utete,12,TZ,1544380762.371417,78,-7.99,38.76,81.37,4.36
401,uxbridge,20,GB,1544380640.2378838,75,51.55,-0.48,50.0,8.05
516,uyar,48,RU,1544380660.709996,60,55.81,94.33,-7.15,5.7
93,vaini,80,IN,1544380581.315959,89,15.34,74.49,72.23,1.68
176,vaitape,48,PF,1544380597.411233,100,-16.52,-151.75,82.45,19.46
2441,valdivia,75,CL,1544381012.7950988,59,-39.81,-73.25,64.4,11.41
1588,valle nacional,0,MX,1544380861.503776,47,25.06,-104.49,57.38,3.8
832,vallenar,0,CL,1544380721.599361,57,-28.58,-70.76,75.34,2.68
476,valparaiso,1,US,1544380654.1258419,93,41.47,-87.06,32.0,4.7
252,vanavara,92,RU,1544380612.2996328,64,60.35,102.28,-14.22,6.6
356,vanimo,64,PG,1544380632.052516,100,-2.67,141.3,81.23,12.97
15,vao,64,EE,1544380561.125579,97,59.1,26.19,34.39,10.85
203,vardo,1,US,1544380602.985664,55,39.62,-77.74,32.0,3.36
2029,veraval,88,FR,1544380939.688996,93,49.65,0.71,51.8,11.41
162,vereeniging,68,ZA,1544380594.71202,68,-26.67,27.93,64.4,2.24
2415,verkh-usugli,8,RU,1544381008.375293,60,52.7,115.17,-35.01,2.57
535,verkhnevilyuysk,36,RU,1544380663.854348,72,63.45,120.31,-23.85,5.14
2110,verkhoyansk,68,RU,1544380953.598867,66,67.55,133.39,-35.68,3.47
197,vestmannaeyjar,90,IS,1544380601.907542,100,63.44,-20.27,35.6,28.86
1344,victor harbor,20,AU,1544380815.817761,72,-35.55,138.62,59.0,11.41
210,victoria,75,BN,1544380604.165405,88,5.28,115.24,80.6,3.36
148,viedma,12,AR,1544380591.6826482,35,-40.81,-62.99,81.05,12.08
537,vila,0,IT,1544380664.526583,70,45.18,8.4,53.6,5.82
1928,vila do maio,0,CV,1544380922.352204,35,15.13,-23.22,86.0,11.41
53,vila franca do campo,20,PT,1544380571.458397,82,37.72,-25.43,64.4,12.75
35,vila velha,75,BR,1544380566.888111,74,-3.71,-38.6,84.2,10.29
1236,villa rica,8,PE,1544380796.176167,60,-10.74,-75.27,83.48,2.35
2627,vinh,92,VN,1544381044.524215,100,18.67,105.69,59.86,7.72
351,virginia beach,90,US,1544380631.1844559,88,36.85,-75.98,44.96,16.11
575,visnes,75,NO,1544380671.489814,70,59.36,5.22,42.8,29.97
639,vostok,36,RU,1544380682.3412921,65,46.45,135.83,-4.9,5.37
2367,vrangel,0,RU,1544380999.2618,100,42.73,133.08,17.6,22.03
2207,waipawa,0,NZ,1544380969.0688949,71,-39.94,176.59,51.76,3.02
1440,waitati,32,NZ,1544380835.660053,90,-45.75,170.57,47.44,7.49
2924,wajir,5,KE,1544381095.331585,58,1.75,40.07,86.0,4.7
1436,walvis bay,0,NA,1544380834.9892302,68,-22.95,14.51,64.4,16.11
1173,wamba,0,CD,1544380784.4087522,62,2.14,27.99,73.0,3.47
2939,wana,76,PK,1544381097.855725,100,32.31,69.59,38.08,2.24
1750,wangqing,0,CN,1544380891.233304,60,43.31,129.76,1.09,4.7
1651,wanlaweyn,8,SO,1544380873.884595,71,2.62,44.89,80.02,11.41
2594,wanning,75,AT,1544381039.142835,81,48.64,13.53,44.6,21.92
27,warin chamrap,12,TH,1544380565.487015,78,15.19,104.86,73.4,10.29
2391,warora,92,IN,1544381003.1121202,100,20.23,79.0,66.83,2.35
2072,warri,44,NG,1544380947.2341938,96,5.52,5.75,75.97,3.58
622,waycross,90,US,1544380679.368344,90,31.21,-82.35,56.84,9.17
1077,weihe,92,CN,1544380767.153323,92,32.99,105.33,27.37,1.68
1489,weligama,76,LK,1544380843.22963,100,5.97,80.42,77.0,1.34
1701,wenling,92,CN,1544380882.823426,100,28.38,121.38,45.37,7.16
151,werda,92,DE,1544380592.516581,81,50.44,12.3,42.8,12.75
2203,westervoort,92,NL,1544380968.2896168,87,51.96,5.98,44.6,9.17
503,westport,75,IE,1544380658.704156,87,53.8,-9.52,42.8,18.34
2780,whithorn,20,JM,1544381071.396099,66,18.26,-78.04,86.0,18.34
20,whitianga,0,NZ,1544380562.8186328,100,-36.83,175.7,62.15,17.56
275,whitley bay,0,GB,1544380617.5188391,93,55.04,-1.44,41.0,8.05
215,wichian buri,24,TH,1544380605.2814221,70,15.66,101.11,73.85,10.51
2670,williamsport,1,US,1544381052.9895759,55,41.25,-77.0,30.92,3.36
1044,winneba,20,GH,1544380760.5263062,81,5.35,-0.62,82.58,10.29
2862,winnemucca,90,US,1544381084.390558,92,40.97,-117.74,26.06,5.82
1913,wum,8,CM,1544380920.115893,32,6.39,10.08,78.31,4.81
1942,wuwei,0,CN,1544380924.651156,47,37.93,102.64,-6.66,1.34
1100,xiaoweizhai,92,CN,1544380771.886409,100,26.23,107.51,26.6,3.36
710,xichang,0,CN,1544380697.213006,25,27.88,102.25,51.76,3.13
1532,xingyi,36,CN,1544380852.1086059,92,24.19,102.82,45.95,2.46
1079,xuddur,8,SO,1544380767.4197729,41,4.12,43.89,80.02,8.39
2999,yaan,0,NG,1544381108.8653529,32,7.38,8.57,84.7,6.6
1233,yangambi,44,CD,1544380795.5855339,99,0.77,24.47,72.68,2.24
1354,yar-sale,88,RU,1544380818.6103659,89,66.83,70.83,13.28,11.41
1098,yarmouth,20,GB,1544380771.544225,81,50.71,-1.5,48.2,17.22
1633,yashkul,0,RU,1544380869.036391,81,46.17,45.34,24.76,6.71
2626,yatou,20,CM,1544381044.309742,88,3.63,9.81,80.6,8.39
223,yellowknife,75,CA,1544380606.5678778,85,62.45,-114.38,15.8,9.17
764,yenagoa,12,NG,1544380708.67463,88,4.92,6.26,78.85,4.47
2286,yenotayevka,80,RU,1544380984.2177138,91,47.24,47.04,29.98,5.37
605,yeppoon,100,AU,1544380676.788212,78,-23.13,150.74,71.6,8.05
1638,yerbogachen,56,RU,1544380869.9317088,76,61.28,108.01,-12.15,7.61
1235,yima,76,CN,1544380795.9480672,79,34.75,111.87,17.38,2.57
1149,yining,88,CN,1544380779.8034198,97,29.04,114.56,29.75,2.57
2784,young,56,UY,1544381072.141695,38,-32.7,-57.63,84.43,10.4
1367,yueyang,100,CN,1544380822.2221131,100,29.36,113.12,34.12,4.92
2258,yugorsk,48,RU,1544380977.411159,97,61.32,63.33,11.3,3.13
1617,yulara,0,AU,1544380866.161577,41,-25.24,130.99,78.8,10.29
1192,yumen,0,CN,1544380788.336493,63,40.29,97.04,-3.33,6.71
1654,yuncheng,88,CN,1544380874.354007,93,35.03,111.0,19.81,2.68
1001,zabol,0,IR,1544380752.8363678,36,31.03,61.49,48.2,6.93
311,zalaegerszeg,12,HU,1544380624.900529,86,46.84,16.85,33.98,2.57
2157,zarubino,0,RU,1544380961.0558999,100,42.65,131.06,14.59,11.18
1331,zaterechnyy,88,RU,1544380813.8973582,91,44.8,45.21,34.84,9.4
1356,zatoka,75,PL,1544380819.061623,100,50.04,20.52,39.2,3.36
1151,zaysan,0,KZ,1544380780.148351,24,47.47,84.87,-18.54,1.57
3119,zemio,8,CF,1544381129.3436391,56,5.02,25.13,75.2,6.93
109,zermatt,90,CH,1544380584.727531,100,46.02,7.75,8.6,2.57
1518,zeya,12,RU,1544380849.351536,31,53.74,127.27,-22.27,1.68
1650,zhangye,0,CN,1544380873.658179,49,38.94,100.46,-6.97,4.36
1497,zhaodong,0,CN,1544380844.705725,69,46.07,125.99,-9.41,4.47
2107,zhezkazgan,68,KZ,1544380953.069592,82,47.8,67.71,17.11,5.26
620,zhigansk,64,RU,1544380679.074473,60,66.77,123.37,-33.21,7.16
808,zhongshu,92,CN,1544380716.648832,100,24.52,103.77,46.63,3.24
977,zlobin,20,HR,1544380748.737903,87,45.29,14.65,48.2,9.17
2444,zorritos,20,PE,1544381013.3665879,33,-3.68,-80.68,89.6,6.93
326,zyryanka,68,RU,1544380627.278419,45,65.73,150.89,-28.17,2.8
